valve_serial_number,valve_size_in,valve_size_dn,valve_rating,valve_manufacturer,valve_item_code,valve_type,valve_seat_type,valve_end_connection,valve_operator,valve_bore_type,valve_seat_material,valve_body_material,valve_obturator_material,valve_stem_material
OGKZ - 00001,"3/4""",100,1500,OMB,G15AC48,GATE - WEDGE,METAL,RF,HANDWHEEL,FB,NO6625+HF,LF2,NO6625+HF,NO6625+HF
OGKZ - 00002,"3/4""",100,1500,OMB,G15AC48,GATE - WEDGE,METAL,RF,HANDWHEEL,FB,NO6625+HF,LF2,NO6625+HF,NO6625+HF
OGKZ - 00003,"3/4""",100,1500,OMB,G15AC48,GATE - WEDGE,METAL,RF,HANDWHEEL,FB,NO6625+HF,LF2,NO6625+HF,NO6625+HF
OGKZ - 00004,"3/4""",100,1500,OMB,G15AC48,GATE - WEDGE,METAL,RF,HANDWHEEL,FB,NO6625+HF,LF2,NO6625+HF,NO6625+HF
OGKZ - 00005,"3/4""",100,1500,OMB,G15AC48,GATE - WEDGE,METAL,RF,HANDWHEEL,FB,NO6625+HF,LF2,NO6625+HF,NO6625+HF
OGKZ - 00006,"3/4""",100,1500,OMB,G15AC48,GATE - WEDGE,METAL,RF,HANDWHEEL,FB,NO6625+HF,LF2,NO6625+HF,NO6625+HF
OGKZ - 00007,"3/4""",100,1500,OMB,G15AC48,GATE - WEDGE,METAL,RF,HANDWHEEL,FB,NO6625+HF,LF2,NO6625+HF,NO6625+HF
OGKZ - 00008,"3/4""",100,1500,OMB,G15AC48,GATE - WEDGE,METAL,RF,HANDWHEEL,FB,NO6625+HF,LF2,NO6625+HF,NO6625+HF
OGKZ - 00009,"3/4""",100,1500,OMB,G15AC48,GATE - WEDGE,METAL,RF,HANDWHEEL,FB,NO6625+HF,LF2,NO6625+HF,NO6625+HF
OGKZ - 000010,"3/4""",100,1500,OMB,G15AC48,GATE - WEDGE,METAL,RF,HANDWHEEL,FB,NO6625+HF,LF2,NO6625+HF,NO6625+HF
OGKZ - 000011,"3/4""",100,1500,OMB,G15AC48,GATE - WEDGE,METAL,RF,HANDWHEEL,FB,NO6625+HF,LF2,NO6625+HF,NO6625+HF
OGKZ - 000012,"3/4""",100,1500,OMB,G15AC48,GATE - WEDGE,METAL,RF,HANDWHEEL,FB,NO6625+HF,LF2,NO6625+HF,NO6625+HF
OGKZ - 000013,"3/4""",100,1500,OMB,G15AC48,GATE - WEDGE,METAL,RF,HANDWHEEL,FB,NO6625+HF,LF2,NO6625+HF,NO6625+HF
OGKZ - 000014,"3/4""",100,1500,OMB,G15AC48,GATE - WEDGE,METAL,RF,HANDWHEEL,FB,NO6625+HF,LF2,NO6625+HF,NO6625+HF
OGKZ - 000015,"3/4""",100,1500,OMB,G15AC48,GATE - WEDGE,METAL,RF,HANDWHEEL,FB,NO6625+HF,LF2,NO6625+HF,NO6625+HF
OGKZ - 000016,"3/4""",100,1500,OMB,G15AC48,GATE - WEDGE,METAL,RF,HANDWHEEL,FB,NO6625+HF,LF2,NO6625+HF,NO6625+HF
OGKZ - 000017,"3/4""",100,1500,OMB,G15AC48,GATE - WEDGE,METAL,RF,HANDWHEEL,FB,NO6625+HF,LF2,NO6625+HF,NO6625+HF
OGKZ - 000018,"3/4""",100,1500,OMB,G15AC48,GATE - WEDGE,METAL,RF,HANDWHEEL,FB,NO6625+HF,LF2,NO6625+HF,NO6625+HF
OGKZ - 000019,"3/4""",100,1500,OMB,G15AC48,GATE - WEDGE,METAL,RF,HANDWHEEL,FB,NO6625+HF,LF2,NO6625+HF,NO6625+HF
OGKZ - 000020,"3/4""",100,1500,OMB,G15AC48,GATE - WEDGE,METAL,RF,HANDWHEEL,FB,NO6625+HF,LF2,NO6625+HF,NO6625+HF
OGKZ - 000021,"3/4""",100,1500,OMB,G15AC48,GATE - WEDGE,METAL,RF,HANDWHEEL,FB,NO6625+HF,LF2,NO6625+HF,NO6625+HF
OGKZ - 000022,"3/4""",100,1500,OMB,G15AC48,GATE - WEDGE,METAL,RF,HANDWHEEL,FB,NO6625+HF,LF2,NO6625+HF,NO6625+HF
OGKZ - 000023,"3/4""",100,1500,OMB,G15AC48,GATE - WEDGE,METAL,RF,HANDWHEEL,FB,NO6625+HF,LF2,NO6625+HF,NO6625+HF
OGKZ - 000024,"3/4""",100,1500,OMB,G15AC48,GATE - WEDGE,METAL,RF,HANDWHEEL,FB,NO6625+HF,LF2,NO6625+HF,NO6625+HF
OGKZ - 000025,"3/4""",100,1500,OMB,G15AC48,GATE - WEDGE,METAL,RF,HANDWHEEL,FB,NO6625+HF,LF2,NO6625+HF,NO6625+HF
OGKZ - 000026,"3/4""",100,1500,OMB,G15AC48,GATE - WEDGE,METAL,RF,HANDWHEEL,FB,NO6625+HF,LF2,NO6625+HF,NO6625+HF
OGKZ - 000027,"3/4""",100,1500,OMB,G15AC48,GATE - WEDGE,METAL,RF,HANDWHEEL,FB,NO6625+HF,LF2,NO6625+HF,NO6625+HF
OGKZ - 000028,"3/4""",100,1500,OMB,G15AC48,GATE - WEDGE,METAL,RF,HANDWHEEL,FB,NO6625+HF,LF2,NO6625+HF,NO6625+HF
OGKZ - 000029,"3/4""",100,1500,OMB,G15AC48,GATE - WEDGE,METAL,RF,HANDWHEEL,FB,NO6625+HF,LF2,NO6625+HF,NO6625+HF
OGKZ - 000030,"3/4""",100,1500,OMB,G15AC48,GATE - WEDGE,METAL,RF,HANDWHEEL,FB,NO6625+HF,LF2,NO6625+HF,NO6625+HF
OGKZ - 000031,"3/4""",100,1500,OMB,G15AC48,GATE - WEDGE,METAL,RF,HANDWHEEL,FB,NO6625+HF,LF2,NO6625+HF,NO6625+HF
OGKZ - 000032,"3/4""",100,1500,OMB,G15AC48,GATE - WEDGE,METAL,RF,HANDWHEEL,FB,NO6625+HF,LF2,NO6625+HF,NO6625+HF
OGKZ - 000033,"3/4""",100,1500,OMB,G15AC48,GATE - WEDGE,METAL,RF,HANDWHEEL,FB,NO6625+HF,LF2,NO6625+HF,NO6625+HF
OGKZ - 000034,"3/4""",100,1500,OMB,G15AC48,GATE - WEDGE,METAL,RF,HANDWHEEL,FB,NO6625+HF,LF2,NO6625+HF,NO6625+HF
OGKZ - 000035,"3/4""",100,1500,OMB,G15AC48,GATE - WEDGE,METAL,RF,HANDWHEEL,FB,NO6625+HF,LF2,NO6625+HF,NO6625+HF
OGKZ - 000036,"3/4""",100,1500,OMB,G15AC48,GATE - WEDGE,METAL,RF,HANDWHEEL,FB,NO6625+HF,LF2,NO6625+HF,NO6625+HF
OGKZ - 000037,"3/4""",100,1500,OMB,G15AC48,GATE - WEDGE,METAL,RF,HANDWHEEL,FB,NO6625+HF,LF2,NO6625+HF,NO6625+HF
OGKZ - 000038,"3/4""",100,1500,OMB,G15AC48,GATE - WEDGE,METAL,RF,HANDWHEEL,FB,NO6625+HF,LF2,NO6625+HF,NO6625+HF
OGKZ - 000039,"3/4""",100,1500,OMB,G15AC48,GATE - WEDGE,METAL,RF,HANDWHEEL,FB,NO6625+HF,LF2,NO6625+HF,NO6625+HF
OGKZ - 000040,"3/4""",100,1500,OMB,G15AC48,GATE - WEDGE,METAL,RF,HANDWHEEL,FB,NO6625+HF,LF2,NO6625+HF,NO6625+HF
OGKZ - 000041,"3/4""",100,1500,OMB,G15AC48,GATE - WEDGE,METAL,RF,HANDWHEEL,FB,NO6625+HF,LF2,NO6625+HF,NO6625+HF
OGKZ - 000042,"3/4""",100,1500,OMB,G15AC48,GATE - WEDGE,METAL,RF,HANDWHEEL,FB,NO6625+HF,LF2,NO6625+HF,NO6625+HF
OGKZ - 000043,"3/4""",100,1500,OMB,G15AC48,GATE - WEDGE,METAL,RF,HANDWHEEL,FB,NO6625+HF,LF2,NO6625+HF,NO6625+HF
OGKZ - 000044,"3/4""",100,1500,OMB,G15AC48,GATE - WEDGE,METAL,RF,HANDWHEEL,FB,NO6625+HF,LF2,NO6625+HF,NO6625+HF
OGKZ - 000045,"3/4""",100,1500,OMB,G15AC48,GATE - WEDGE,METAL,RF,HANDWHEEL,FB,NO6625+HF,LF2,NO6625+HF,NO6625+HF
OGKZ - 000046,"3/4""",100,1500,OMB,G15AC48,GATE - WEDGE,METAL,RF,HANDWHEEL,FB,NO6625+HF,LF2,NO6625+HF,NO6625+HF
OGKZ - 000047,"3/4""",100,1500,OMB,G15AC48,GATE - WEDGE,METAL,RF,HANDWHEEL,FB,NO6625+HF,LF2,NO6625+HF,NO6625+HF
OGKZ - 000048,"3/4""",100,1500,OMB,G15AC48,GATE - WEDGE,METAL,RF,HANDWHEEL,FB,NO6625+HF,LF2,NO6625+HF,NO6625+HF
OGKZ - 000049,"3/4""",100,1500,OMB,G15AC48,GATE - WEDGE,METAL,RF,HANDWHEEL,FB,NO6625+HF,LF2,NO6625+HF,NO6625+HF
OGKZ - 000050,"3/4""",100,1500,OMB,G15AC48,GATE - WEDGE,METAL,RF,HANDWHEEL,FB,NO6625+HF,LF2,NO6625+HF,NO6625+HF
OGKZ - 000051,"3/4""",100,1500,OMB,G15AC48,GATE - WEDGE,METAL,RF,HANDWHEEL,FB,NO6625+HF,LF2,NO6625+HF,NO6625+HF
OGKZ - 000052,"3/4""",100,1500,OMB,G15AC48,GATE - WEDGE,METAL,RF,HANDWHEEL,FB,NO6625+HF,LF2,NO6625+HF,NO6625+HF
OGKZ - 000053,"3/4""",100,1500,OMB,G15AC48,GATE - WEDGE,METAL,RF,HANDWHEEL,FB,NO6625+HF,LF2,NO6625+HF,NO6625+HF
OGKZ - 000054,"3/4""",100,1500,OMB,G15AC48,GATE - WEDGE,METAL,RF,HANDWHEEL,FB,NO6625+HF,LF2,NO6625+HF,NO6625+HF
OGKZ - 000055,"3/4""",100,1500,OMB,G15AC48,GATE - WEDGE,METAL,RF,HANDWHEEL,FB,NO6625+HF,LF2,NO6625+HF,NO6625+HF
OGKZ - 000056,"3/4""",100,1500,OMB,G15AC48,GATE - WEDGE,METAL,RF,HANDWHEEL,FB,NO6625+HF,LF2,NO6625+HF,NO6625+HF
OGKZ - 000057,"3/4""",100,1500,OMB,G15AC48,GATE - WEDGE,METAL,RF,HANDWHEEL,FB,NO6625+HF,LF2,NO6625+HF,NO6625+HF
OGKZ - 000058,"3/4""",100,1500,OMB,G15AC48,GATE - WEDGE,METAL,RF,HANDWHEEL,FB,NO6625+HF,LF2,NO6625+HF,NO6625+HF
OGKZ - 000059,"3/4""",100,1500,OMB,G15AC48,GATE - WEDGE,METAL,RF,HANDWHEEL,FB,NO6625+HF,LF2,NO6625+HF,NO6625+HF
OGKZ - 000060,"3/4""",100,1500,OMB,G15AC48,GATE - WEDGE,METAL,RF,HANDWHEEL,FB,NO6625+HF,LF2,NO6625+HF,NO6625+HF
OGKZ - 000061,"3/4""",100,1500,OMB,G15AC48,GATE - WEDGE,METAL,RF,HANDWHEEL,FB,NO6625+HF,LF2,NO6625+HF,NO6625+HF
OGKZ - 000062,"3/4""",100,1500,OMB,G15AC48,GATE - WEDGE,METAL,RF,HANDWHEEL,FB,NO6625+HF,LF2,NO6625+HF,NO6625+HF
OGKZ - 000063,"3/4""",100,1500,OMB,G15AC48,GATE - WEDGE,METAL,RF,HANDWHEEL,FB,NO6625+HF,LF2,NO6625+HF,NO6625+HF
OGKZ - 000064,"3/4""",100,1500,OMB,G15AC48,GATE - WEDGE,METAL,RF,HANDWHEEL,FB,NO6625+HF,LF2,NO6625+HF,NO6625+HF
OGKZ - 000065,"3/4""",100,1500,OMB,G15AC48,GATE - WEDGE,METAL,RF,HANDWHEEL,FB,NO6625+HF,LF2,NO6625+HF,NO6625+HF
OGKZ - 000066,"3/4""",100,1500,OMB,G15AC48,GATE - WEDGE,METAL,RF,HANDWHEEL,FB,NO6625+HF,LF2,NO6625+HF,NO6625+HF
OGKZ - 000067,"3/4""",100,1500,OMB,G15AC48,GATE - WEDGE,METAL,RF,HANDWHEEL,FB,NO6625+HF,LF2,NO6625+HF,NO6625+HF
OGKZ - 000068,"3/4""",100,1500,OMB,G15AC48,GATE - WEDGE,METAL,RF,HANDWHEEL,FB,NO6625+HF,LF2,NO6625+HF,NO6625+HF
OGKZ - 000069,"3/4""",100,1500,OMB,G15AC48,GATE - WEDGE,METAL,RF,HANDWHEEL,FB,NO6625+HF,LF2,NO6625+HF,NO6625+HF
OGKZ - 000070,"3/4""",100,1500,OMB,G15AC48,GATE - WEDGE,METAL,RF,HANDWHEEL,FB,NO6625+HF,LF2,NO6625+HF,NO6625+HF
OGKZ - 000071,"3/4""",100,1500,OMB,G15AC48,GATE - WEDGE,METAL,RF,HANDWHEEL,FB,NO6625+HF,LF2,NO6625+HF,NO6625+HF
OGKZ - 000072,"3/4""",100,1500,OMB,G15AC48,GATE - WEDGE,METAL,RF,HANDWHEEL,FB,NO6625+HF,LF2,NO6625+HF,NO6625+HF
OGKZ - 000073,"3/4""",100,1500,OMB,G15AC48,GATE - WEDGE,METAL,RF,HANDWHEEL,FB,NO6625+HF,LF2,NO6625+HF,NO6625+HF
OGKZ - 000074,"3/4""",100,1500,OMB,G15AC48,GATE - WEDGE,METAL,RF,HANDWHEEL,FB,NO6625+HF,LF2,NO6625+HF,NO6625+HF
OGKZ - 000075,"3/4""",100,1500,OMB,G15AC48,GATE - WEDGE,METAL,RF,HANDWHEEL,FB,NO6625+HF,LF2,NO6625+HF,NO6625+HF
OGKZ - 000076,"3/4""",100,1500,OMB,G15AC48,GATE - WEDGE,METAL,RF,HANDWHEEL,FB,NO6625+HF,LF2,NO6625+HF,NO6625+HF
OGKZ - 000077,"3/4""",100,1500,OMB,G15AC48,GATE - WEDGE,METAL,RF,HANDWHEEL,FB,NO6625+HF,LF2,NO6625+HF,NO6625+HF
OGKZ - 000078,"3/4""",100,1500,OMB,G15AC48,GATE - WEDGE,METAL,RF,HANDWHEEL,FB,NO6625+HF,LF2,NO6625+HF,NO6625+HF
OGKZ - 000079,"3/4""",100,1500,OMB,G15AC48,GATE - WEDGE,METAL,RF,HANDWHEEL,FB,NO6625+HF,LF2,NO6625+HF,NO6625+HF
OGKZ - 000080,"3/4""",100,1500,OMB,G15AC48,GATE - WEDGE,METAL,RF,HANDWHEEL,FB,NO6625+HF,LF2,NO6625+HF,NO6625+HF
OGKZ - 000081,"3/4""",100,1500,OMB,G15AC48,GATE - WEDGE,METAL,RF,HANDWHEEL,FB,NO6625+HF,LF2,NO6625+HF,NO6625+HF
OGKZ - 000082,"3/4""",100,1500,OMB,G15AC48,GATE - WEDGE,METAL,RF,HANDWHEEL,FB,NO6625+HF,LF2,NO6625+HF,NO6625+HF
OGKZ - 000083,"3/4""",100,1500,OMB,G15AC48,GATE - WEDGE,METAL,RF,HANDWHEEL,FB,NO6625+HF,LF2,NO6625+HF,NO6625+HF
OGKZ - 000084,"3/4""",100,1500,OMB,G15AC48,GATE - WEDGE,METAL,RF,HANDWHEEL,FB,NO6625+HF,LF2,NO6625+HF,NO6625+HF
OGKZ - 000085,"3/4""",100,1500,OMB,G15AC48,GATE - WEDGE,METAL,RF,HANDWHEEL,FB,NO6625+HF,LF2,NO6625+HF,NO6625+HF
OGKZ - 000086,"3/4""",100,1500,OMB,G15AC48,GATE - WEDGE,METAL,RF,HANDWHEEL,FB,NO6625+HF,LF2,NO6625+HF,NO6625+HF
OGKZ - 000087,"3/4""",100,1500,OMB,G15AC48,GATE - WEDGE,METAL,RF,HANDWHEEL,FB,NO6625+HF,LF2,NO6625+HF,NO6625+HF
OGKZ - 000088,"3/4""",100,1500,OMB,G15AC48,GATE - WEDGE,METAL,RF,HANDWHEEL,FB,NO6625+HF,LF2,NO6625+HF,NO6625+HF
OGKZ - 000089,"3/4""",100,1500,OMB,G15AC48,GATE - WEDGE,METAL,RF,HANDWHEEL,FB,NO6625+HF,LF2,NO6625+HF,NO6625+HF
OGKZ - 000090,"3/4""",100,1500,OMB,G15AC48,GATE - WEDGE,METAL,RF,HANDWHEEL,FB,NO6625+HF,LF2,NO6625+HF,NO6625+HF
OGKZ - 000091,"3/4""",100,1500,OMB,G15AC48,GATE - WEDGE,METAL,RF,HANDWHEEL,FB,NO6625+HF,LF2,NO6625+HF,NO6625+HF
OGKZ - 000092,"3/4""",100,1500,OMB,G15AC48,GATE - WEDGE,METAL,RF,HANDWHEEL,FB,NO6625+HF,LF2,NO6625+HF,NO6625+HF
OGKZ - 000093,"3/4""",100,1500,OMB,G15AC48,GATE - WEDGE,METAL,RF,HANDWHEEL,FB,NO6625+HF,LF2,NO6625+HF,NO6625+HF
OGKZ - 000094,"3/4""",100,1500,OMB,G15AC48,GATE - WEDGE,METAL,RF,HANDWHEEL,FB,NO6625+HF,LF2,NO6625+HF,NO6625+HF
OGKZ - 000095,"3/4""",100,1500,OMB,G15AC48,GATE - WEDGE,METAL,RF,HANDWHEEL,FB,NO6625+HF,LF2,NO6625+HF,NO6625+HF
OGKZ - 000096,"3/4""",100,1500,OMB,G15AC48,GATE - WEDGE,METAL,RF,HANDWHEEL,FB,NO6625+HF,LF2,NO6625+HF,NO6625+HF
OGKZ - 000097,"3/4""",100,1500,OMB,G15AC48,GATE - WEDGE,METAL,RF,HANDWHEEL,FB,NO6625+HF,LF2,NO6625+HF,NO6625+HF
OGKZ - 000098,"3/4""",100,1500,OMB,G15AC48,GATE - WEDGE,METAL,RF,HANDWHEEL,FB,NO6625+HF,LF2,NO6625+HF,NO6625+HF
OGKZ - 000099,"3/4""",100,1500,OMB,G15AC48,GATE - WEDGE,METAL,RF,HANDWHEEL,FB,NO6625+HF,LF2,NO6625+HF,NO6625+HF
OGKZ - 0000100,"3/4""",100,1500,OMB,G15AC48,GATE - WEDGE,METAL,RF,HANDWHEEL,FB,NO6625+HF,LF2,NO6625+HF,NO6625+HF
OGKZ - 0000101,"3/4""",100,1500,OMB,G15AC48,GATE - WEDGE,METAL,RF,HANDWHEEL,FB,NO6625+HF,LF2,NO6625+HF,NO6625+HF
OGKZ - 0000102,"3/4""",100,1500,OMB,G15AC48,GATE - WEDGE,METAL,RF,HANDWHEEL,FB,NO6625+HF,LF2,NO6625+HF,NO6625+HF
OGKZ - 0000103,"3/4""",100,1500,OMB,G15AC48,GATE - WEDGE,METAL,RF,HANDWHEEL,FB,NO6625+HF,LF2,NO6625+HF,NO6625+HF
OGKZ - 0000104,"3/4""",100,1500,OMB,G15AC48,GATE - WEDGE,METAL,RF,HANDWHEEL,FB,NO6625+HF,LF2,NO6625+HF,NO6625+HF
OGKZ - 0000105,"3/4""",100,1500,OMB,G15AC48,GATE - WEDGE,METAL,RF,HANDWHEEL,FB,NO6625+HF,LF2,NO6625+HF,NO6625+HF
OGKZ - 0000106,"3/4""",100,1500,OMB,G15AC48,GATE - WEDGE,METAL,RF,HANDWHEEL,FB,NO6625+HF,LF2,NO6625+HF,NO6625+HF
OGKZ - 0000107,"3/4""",100,1500,OMB,G15AC48,GATE - WEDGE,METAL,RF,HANDWHEEL,FB,NO6625+HF,LF2,NO6625+HF,NO6625+HF
OGKZ - 0000108,"3/4""",100,1500,OMB,G15AC48,GATE - WEDGE,METAL,RF,HANDWHEEL,FB,NO6625+HF,LF2,NO6625+HF,NO6625+HF
OGKZ - 0000109,"3/4""",100,1500,OMB,G15AC48,GATE - WEDGE,METAL,RF,HANDWHEEL,FB,NO6625+HF,LF2,NO6625+HF,NO6625+HF
OGKZ - 0000110,"3/4""",100,1500,OMB,G15AC48,GATE - WEDGE,METAL,RF,HANDWHEEL,FB,NO6625+HF,LF2,NO6625+HF,NO6625+HF
OGKZ - 0000111,"3/4""",100,1500,OMB,G15AC48,GATE - WEDGE,METAL,RF,HANDWHEEL,FB,NO6625+HF,LF2,NO6625+HF,NO6625+HF
OGKZ - 0000112,"3/4""",100,1500,OMB,G15AC48,GATE - WEDGE,METAL,RF,HANDWHEEL,FB,NO6625+HF,LF2,NO6625+HF,NO6625+HF
OGKZ - 0000113,"3/4""",100,1500,OMB,G15AC48,GATE - WEDGE,METAL,RF,HANDWHEEL,FB,NO6625+HF,LF2,NO6625+HF,NO6625+HF
OGKZ - 0000114,"3/4""",100,1500,OMB,G15AC48,GATE - WEDGE,METAL,RF,HANDWHEEL,FB,NO6625+HF,LF2,NO6625+HF,NO6625+HF
OGKZ - 0000115,"3/4""",100,1500,OMB,G15AC48,GATE - WEDGE,METAL,RF,HANDWHEEL,FB,NO6625+HF,LF2,NO6625+HF,NO6625+HF
OGKZ - 0000116,"3/4""",100,1500,OMB,G15AC48,GATE - WEDGE,METAL,RF,HANDWHEEL,FB,NO6625+HF,LF2,NO6625+HF,NO6625+HF
OGKZ - 0000117,"3/4""",100,1500,OMB,G15AC48,GATE - WEDGE,METAL,RF,HANDWHEEL,FB,NO6625+HF,LF2,NO6625+HF,NO6625+HF
OGKZ - 0000118,"3/4""",100,1500,OMB,G15AC48,GATE - WEDGE,METAL,RF,HANDWHEEL,FB,NO6625+HF,LF2,NO6625+HF,NO6625+HF
OGKZ - 0000119,"3/4""",100,1500,OMB,G15AC48,GATE - WEDGE,METAL,RF,HANDWHEEL,FB,NO6625+HF,LF2,NO6625+HF,NO6625+HF
OGKZ - 0000120,"3/4""",100,1500,OMB,G15AC48,GATE - WEDGE,METAL,RF,HANDWHEEL,FB,NO6625+HF,LF2,NO6625+HF,NO6625+HF
16117017003,"1""",100,2500,PERAR,B25RS01,BALL - FLOATING,SOFT,RTJ,LEVER,FB,PEEK,F316,625,718
16117018001,"1""",100,2500,PERAR,B25RCO1,BALL - FLOATING,SOFT,RTJ,LEVER,FB,PEEK,LF2,625,718
16117018002,"1""",100,2500,PERAR,B25RCO1,BALL - FLOATING,SOFT,RTJ,LEVER,FB,PEEK,LF2,625,718
16117018003,"1""",100,2500,PERAR,B25RCO1,BALL - FLOATING,SOFT,RTJ,LEVER,FB,PEEK,LF2,625,718
16117018004,"1""",100,2500,PERAR,B25RCO1,BALL - FLOATING,SOFT,RTJ,LEVER,FB,PEEK,LF2,625,718
16117018005,"1""",100,2500,PERAR,B25RCO1,BALL - FLOATING,SOFT,RTJ,LEVER,FB,PEEK,LF2,625,718
16117018006,"1""",100,2500,PERAR,B25RCO1,BALL - FLOATING,SOFT,RTJ,LEVER,FB,PEEK,LF2,625,718
AM32033/1-V2,"2""",100,1500,GOODWIN,C15AC45,CHECK - DUAL PLATE,METAL,RTJ,NotApplicable,FB,316,LF2,625,NotApplicable
AM31773/3-V1,"2""",100,2500,GOODWIN,C25RC45,CHECK - DUAL PLATE,METAL,RTJ,NotApplicable,FB,316,LF2,625,NotApplicable
AM31773/3-V2,"2""",100,2500,GOODWIN,C25RC45,CHECK - DUAL PLATE,METAL,RTJ,NotApplicable,FB,316,LF2,625,NotApplicable
16/10280,"1""",100,2500,GALPERTI,K25RC02,DBB,METAL,RTJ,LEVER,FB,625,LF2,625,625
16/10281,"1""",100,2500,GALPERTI,K25RC02,DBB,METAL,RTJ,LEVER,FB,625,LF2,625,625
16/10282,"1""",100,2500,GALPERTI,K25RC02,DBB,METAL,RTJ,LEVER,FB,625,LF2,625,625
16/10283,"1""",100,2500,GALPERTI,K25RC02,DBB,METAL,RTJ,LEVER,FB,625,LF2,625,625
16/10284,"1""",100,2500,GALPERTI,K25RC02,DBB,METAL,RTJ,LEVER,FB,625,LF2,625,625
16/10285,"1""",100,2500,GALPERTI,K25RC02,DBB,METAL,RTJ,LEVER,FB,625,LF2,625,625
16/10286,"1""",100,2500,GALPERTI,K25RC02,DBB,METAL,RTJ,LEVER,FB,625,LF2,625,625
16/10287,"1""",100,2500,GALPERTI,K25RS02,DBB,METAL,RTJ,LEVER,FB,316,A182,316,316
16/10288,"1""",100,2500,GALPERTI,K25RS02,DBB,METAL,RTJ,LEVER,FB,316,A182,316,316
16/10289,"1""",100,2500,GALPERTI,K25RS02,DBB,METAL,RTJ,LEVER,FB,316,A182,316,316
16/10290,"1""",100,2500,GALPERTI,K25RS02,DBB,METAL,RTJ,LEVER,FB,316,A182,316,316
16/10291,"1""",100,2500,GALPERTI,K25RS02,DBB,METAL,RTJ,LEVER,FB,316,A182,316,316
16/10292,"1""",100,2500,GALPERTI,K25RS02,DBB,METAL,RTJ,LEVER,FB,316,A182,316,316
16/10293,"1""",100,2500,GALPERTI,K25RS02,DBB,METAL,RTJ,LEVER,FB,316,A182,316,316
16/10294,"1""",100,2500,GALPERTI,K25RS02,DBB,METAL,RTJ,LEVER,FB,316,A182,316,316
16/10295,"1""",100,2500,GALPERTI,K25RS02,DBB,METAL,RTJ,LEVER,FB,316,A182,316,316
16/10296,"1""",100,2500,GALPERTI,K25RS02,DBB,METAL,RTJ,LEVER,FB,316,A182,316,316
16/10297,"1""",100,2500,GALPERTI,K25RS02,DBB,METAL,RTJ,LEVER,FB,316,A182,316,316
16/10308,"3/4""",100,2500,GALPERTI,M25RC02,DBB,METAL,RTJ,LEVER,FB,625,LF2,625,625
16/10309,"3/4""",100,2500,GALPERTI,M25RC02,DBB,METAL,RTJ,LEVER,FB,625,LF2,625,625
16/10316,"1-1/2""",100,2500,GALPERTI,M25RC02,DBB,METAL,RTJ,LEVER,FB,625,LF2,625,625
16/10317,"1-1/2""",100,2500,GALPERTI,M25RC02,DBB,METAL,RTJ,LEVER,FB,625,LF2,625,625
16/10318,"1-1/2""",100,2500,GALPERTI,M25RC02,DBB,METAL,RTJ,LEVER,FB,625,LF2,625,625
16/10319,"1-1/2""",100,2500,GALPERTI,M25RC02,DBB,METAL,RTJ,LEVER,FB,625,LF2,625,625
16117023001,"2""",100,2500,PERAR,A25RS07,BALL - TRUNNION,SOFT,RTJ,GEARBOX - MANUAL,RB,PEEK,F316,625,718
16117023004,"2""",100,2500,PERAR,A25RS07,BALL - TRUNNION,SOFT,RTJ,GEARBOX - MANUAL,RB,PEEK,F316,625,718
16117023005,"2""",100,2500,PERAR,A25RS07,BALL - TRUNNION,SOFT,RTJ,GEARBOX - MANUAL,RB,PEEK,F316,625,718
16117023006,"2""",100,2500,PERAR,A25RS07,BALL - TRUNNION,SOFT,RTJ,GEARBOX - MANUAL,RB,PEEK,F316,625,718
16117024001,"2""",100,2500,PERAR,A25RC07,BALL - TRUNNION,SOFT,RTJ,GEARBOX - MANUAL,RB,PEEK,LF2,625,718
16117024002,"2""",100,2500,PERAR,A25RC07,BALL - TRUNNION,SOFT,RTJ,GEARBOX - MANUAL,RB,PEEK,LF2,625,718
16117024004,"2""",100,2500,PERAR,A25RC07,BALL - TRUNNION,SOFT,RTJ,GEARBOX - MANUAL,RB,PEEK,LF2,625,718
16119005001,"20""",100,900,PERAR,A09CC08-K21,BALL - TRUNNION,METAL,COMPACT,GEARBOX - MANUAL,RB,625,LF2,F60,718
16119005002,"20""",100,900,PERAR,A09CC08-K21,BALL - TRUNNION,METAL,COMPACT,GEARBOX - MANUAL,RB,625,LF2,F60,718
16117094002,"6""",100,900,PERAR,A09AC07,BALL - TRUNNION,SOFT,RF,GEARBOX - MANUAL,RB,625/PEEK,LF2,625,718
16117094003,"6""",100,900,PERAR,A09AC07,BALL - TRUNNION,SOFT,RF,GEARBOX - MANUAL,RB,625/PEEK,LF2,625,718
1611794006,"6""",100,900,PERAR,A09AC07,BALL - TRUNNION,SOFT,RF,GEARBOX - MANUAL,RB,625/PEEK,LF2,625,718
16117094009,"6""",100,900,PERAR,A09AC07,BALL - TRUNNION,SOFT,RF,GEARBOX - MANUAL,RB,625/PEEK,LF2,625,718
16119005003,"20""",100,900,PERAR,A09CC08-K21,BALL - TRUNNION,METAL,COMPACT,GEARBOX - MANUAL,RB,625,LF2,F60,718
16119005004,"20""",100,900,PERAR,A09CC08-K21,BALL - TRUNNION,METAL,COMPACT,GEARBOX - MANUAL,RB,625,LF2,F60,718
16117010045,"1""",100,150,PERAR,B01AC01,BALL - FLOATING,SOFT,RF,LEVER,FB,RPTFE,LF2,316,316
16117010081,"1""",100,150,PERAR,B01AC01,BALL - FLOATING,SOFT,RF,LEVER,FB,RPTFE,LF2,316,316
16117007002,"1""",100,150,PERAR,B01AM09,BALL - FLOATING,SOFT,RF,LEVER,FB,RPTFE,N08825,N06625,718
16117007004,"1""",100,150,PERAR,B01AM09,BALL - FLOATING,SOFT,RF,LEVER,FB,RPTFE,N08825,N06625,718
16117010042,"1""",100,150,PERAR,B01AC01,BALL - FLOATING,SOFT,RF,LEVER,FB,RPTFE,LF2,316,316
16117010071,"1""",100,150,PERAR,B01AC01,BALL - FLOATING,SOFT,RF,LEVER,FB,RPTFE,LF2,316,316
16117007001,"1""",100,150,PERAR,B01AM09,BALL - FLOATING,SOFT,RF,LEVER,FB,RPTFE,N08825,N06625,718
16117010058,"1""",100,150,PERAR,B01AC01,BALL - FLOATING,SOFT,RF,LEVER,FB,RPTFE,LF2,316,316
16117010029,"1""",100,150,PERAR,B01AC01,BALL - FLOATING,SOFT,RF,LEVER,FB,RPTFE,LF2,316,316
16117010016,"1""",100,150,PERAR,B01AC01,BALL - FLOATING,SOFT,RF,LEVER,FB,RPTFE,LF2,316,316
16117010038,"1""",100,150,PERAR,B01AC01,BALL - FLOATING,SOFT,RF,LEVER,FB,RPTFE,LF2,316,316
16117010070,"1""",100,150,PERAR,B01AC01,BALL - FLOATING,SOFT,RF,LEVER,FB,RPTFE,LF2,316,316
16117010074,"1""",100,150,PERAR,B01AC01,BALL - FLOATING,SOFT,RF,LEVER,FB,RPTFE,LF2,316,316
16117009022,"1""",100,150,PERAR,B01AS01,BALL - FLOATING,SOFT,RF,LEVER,FB,RPTFE,F316,316,316
16117009036,"1""",100,150,PERAR,B01AS01,BALL - FLOATING,SOFT,RF,LEVER,FB,RPTFE,F316,316,316
16117009029,"1""",100,150,PERAR,B01AS01,BALL - FLOATING,SOFT,RF,LEVER,FB,RPTFE,F316,316,316
16117009017,"1""",100,150,PERAR,B01AS01,BALL - FLOATING,SOFT,RF,LEVER,FB,RPTFE,F316,316,316
16117009012,"1""",100,150,PERAR,B01AS01,BALL - FLOATING,SOFT,RF,LEVER,FB,RPTFE,F316,316,316
16117009005,"1""",100,150,PERAR,B01AS01,BALL - FLOATING,SOFT,RF,LEVER,FB,RPTFE,F316,316,316
16117009015,"1""",100,150,PERAR,B01AS01,BALL - FLOATING,SOFT,RF,LEVER,FB,RPTFE,F316,316,316
16117009013,"1""",100,150,PERAR,B01AS01,BALL - FLOATING,SOFT,RF,LEVER,FB,RPTFE,F316,316,316
16117009039,"1""",100,150,PERAR,B01AS01,BALL - FLOATING,SOFT,RF,LEVER,FB,RPTFE,F316,316,316
16117009003,"1""",100,150,PERAR,B01AS01,BALL - FLOATING,SOFT,RF,LEVER,FB,RPTFE,F316,316,316
16117009021,"1""",100,150,PERAR,B01AS01,BALL - FLOATING,SOFT,RF,LEVER,FB,RPTFE,F316,316,316
16117009014,"1""",100,150,PERAR,B01AS01,BALL - FLOATING,SOFT,RF,LEVER,FB,RPTFE,F316,316,316
16117009040,"1""",100,150,PERAR,B01AS01,BALL - FLOATING,SOFT,RF,LEVER,FB,RPTFE,F316,316,316
16117009019,"1""",100,150,PERAR,B01AS01,BALL - FLOATING,SOFT,RF,LEVER,FB,RPTFE,F316,316,316
16117009025,"1""",100,150,PERAR,B01AS01,BALL - FLOATING,SOFT,RF,LEVER,FB,RPTFE,F316,316,316
16117009020,"1""",100,150,PERAR,B01AS01,BALL - FLOATING,SOFT,RF,LEVER,FB,RPTFE,F316,316,316
16117009038,"1""",100,150,PERAR,B01AS01,BALL - FLOATING,SOFT,RF,LEVER,FB,RPTFE,F316,316,316
16117009016,"1""",100,150,PERAR,B01AS01,BALL - FLOATING,SOFT,RF,LEVER,FB,RPTFE,F316,316,316
16117009031,"1""",100,150,PERAR,B01AS01,BALL - FLOATING,SOFT,RF,LEVER,FB,RPTFE,F316,316,316
16117177003,"1""",100,150,PERAR,B01AC01,BALL - FLOATING,SOFT,RF,LEVER,FB,RPTFE,LF2,316,316
16117009032,"1""",100,150,PERAR,B01AS01,BALL - FLOATING,SOFT,RF,LEVER,FB,RPTFE,F316,316,316
16117009033,"1""",100,150,PERAR,B01AS01,BALL - FLOATING,SOFT,RF,LEVER,FB,RPTFE,F316,316,316
16117009004,"1""",100,150,PERAR,B01AS01,BALL - FLOATING,SOFT,RF,LEVER,FB,RPTFE,F316,316,316
16117010021,"1""",100,150,PERAR,B01AC01,BALL - FLOATING,SOFT,RF,LEVER,FB,RPTFE,LF2,316,316
16117009011,"1""",100,150,PERAR,B01AS01,BALL - FLOATING,SOFT,RF,LEVER,FB,RPTFE,F316,316,316
16117009042,"1""",100,150,PERAR,B01AS01,BALL - FLOATING,SOFT,RF,LEVER,FB,RPTFE,F316,316,316
16117009018,"1""",100,150,PERAR,B01AS01,BALL - FLOATING,SOFT,RF,LEVER,FB,RPTFE,F316,316,316
16117010005,"1""",100,150,PERAR,B01AC01,BALL - FLOATING,SOFT,RF,LEVER,FB,RPTFE,LF2,316,316
16117010050,"1""",100,150,PERAR,B01AC01,BALL - FLOATING,SOFT,RF,LEVER,FB,RPTFE,LF2,316,316
16117010069,"1""",100,150,PERAR,B01AC01,BALL - FLOATING,SOFT,RF,LEVER,FB,RPTFE,LF2,316,316
16117010061,"1""",100,150,PERAR,B01AC01,BALL - FLOATING,SOFT,RF,LEVER,FB,RPTFE,LF2,316,316
16117010020,"1""",100,150,PERAR,B01AC01,BALL - FLOATING,SOFT,RF,LEVER,FB,RPTFE,LF2,316,316
16117010056,"1""",100,150,PERAR,B01AC01,BALL - FLOATING,SOFT,RF,LEVER,FB,RPTFE,LF2,316,316
16117010049,"1""",100,150,PERAR,B01AC01,BALL - FLOATING,SOFT,RF,LEVER,FB,RPTFE,LF2,316,316
16117010023,"1""",100,150,PERAR,B01AC01,BALL - FLOATING,SOFT,RF,LEVER,FB,RPTFE,LF2,316,316
16117010007,"1""",100,150,PERAR,B01AC01,BALL - FLOATING,SOFT,RF,LEVER,FB,RPTFE,LF2,316,316
16117010009,"1""",100,150,PERAR,B01AC01,BALL - FLOATING,SOFT,RF,LEVER,FB,RPTFE,LF2,316,316
16117010057,"1""",100,150,PERAR,B01AC01,BALL - FLOATING,SOFT,RF,LEVER,FB,RPTFE,LF2,316,316
16117010015,"1""",100,150,PERAR,B01AC01,BALL - FLOATING,SOFT,RF,LEVER,FB,RPTFE,LF2,316,316
16117010044,"1""",100,150,PERAR,B01AC01,BALL - FLOATING,SOFT,RF,LEVER,FB,RPTFE,LF2,316,316
16117010073,"1""",100,150,PERAR,B01AC01,BALL - FLOATING,SOFT,RF,LEVER,FB,RPTFE,LF2,316,316
16117177001,"1""",100,150,PERAR,B01AC01,BALL - FLOATING,SOFT,RF,LEVER,FB,RPTFE,LF2,316,316
16117010091,"1""",100,150,PERAR,B01AC01,BALL - FLOATING,SOFT,RF,LEVER,FB,RPTFE,LF2,316,316
16117010089,"1""",100,150,PERAR,B01AC01,BALL - FLOATING,SOFT,RF,LEVER,FB,RPTFE,LF2,316,316
16117010010,"1""",100,150,PERAR,B01AC01,BALL - FLOATING,SOFT,RF,LEVER,FB,RPTFE,LF2,316,316
16117010040,"1""",100,150,PERAR,B01AC01,BALL - FLOATING,SOFT,RF,LEVER,FB,RPTFE,LF2,316,316
16117010086,"1""",100,150,PERAR,B01AC01,BALL - FLOATING,SOFT,RF,LEVER,FB,RPTFE,LF2,316,316
16117010079,"1""",100,150,PERAR,B01AC01,BALL - FLOATING,SOFT,RF,LEVER,FB,RPTFE,LF2,316,316
16117010004,"1""",100,150,PERAR,B01AC01,BALL - FLOATING,SOFT,RF,LEVER,FB,RPTFE,LF2,316,316
16117010087,"1""",100,150,PERAR,B01AC01,BALL - FLOATING,SOFT,RF,LEVER,FB,RPTFE,LF2,316,316
16117010033,"1""",100,150,PERAR,B01AC01,BALL - FLOATING,SOFT,RF,LEVER,FB,RPTFE,LF2,316,316
16117010037,"1""",100,150,PERAR,B01AC01,BALL - FLOATING,SOFT,RF,LEVER,FB,RPTFE,LF2,316,316
16117010006,"1""",100,150,PERAR,B01AC01,BALL - FLOATING,SOFT,RF,LEVER,FB,RPTFE,LF2,316,316
16117010051,"1""",100,150,PERAR,B01AC01,BALL - FLOATING,SOFT,RF,LEVER,FB,RPTFE,LF2,316,316
16117010055,"1""",100,150,PERAR,B01AC01,BALL - FLOATING,SOFT,RF,LEVER,FB,RPTFE,LF2,316,316
16117010017,"1""",100,150,PERAR,B01AC01,BALL - FLOATING,SOFT,RF,LEVER,FB,RPTFE,LF2,316,316
16117010008,"1""",100,150,PERAR,B01AC01,BALL - FLOATING,SOFT,RF,LEVER,FB,RPTFE,LF2,316,316
16117010025,"1""",100,150,PERAR,B01AC01,BALL - FLOATING,SOFT,RF,LEVER,FB,RPTFE,LF2,316,316
16117010090,"1""",100,150,PERAR,B01AC01,BALL - FLOATING,SOFT,RF,LEVER,FB,RPTFE,LF2,316,316
16117010031,"1""",100,150,PERAR,B01AC01,BALL - FLOATING,SOFT,RF,LEVER,FB,RPTFE,LF2,316,316
16117010052,"1""",100,150,PERAR,B01AC01,BALL - FLOATING,SOFT,RF,LEVER,FB,RPTFE,LF2,316,316
16117177004,"1""",100,150,PERAR,B01AC01,BALL - FLOATING,SOFT,RF,LEVER,FB,RPTFE,LF2,316,316
16117010048,"1""",100,150,PERAR,B01AC01,BALL - FLOATING,SOFT,RF,LEVER,FB,RPTFE,LF2,316,316
16117010085,"1""",100,150,PERAR,B01AC01,BALL - FLOATING,SOFT,RF,LEVER,FB,RPTFE,LF2,316,316
16117010062,"1""",100,150,PERAR,B01AC01,BALL - FLOATING,SOFT,RF,LEVER,FB,RPTFE,LF2,316,316
16117010088,"1""",100,150,PERAR,B01AC01,BALL - FLOATING,SOFT,RF,LEVER,FB,RPTFE,LF2,316,316
16117010028,"1""",100,150,PERAR,B01AC01,BALL - FLOATING,SOFT,RF,LEVER,FB,RPTFE,LF2,316,316
16117010072,"1""",100,150,PERAR,B01AC01,BALL - FLOATING,SOFT,RF,LEVER,FB,RPTFE,LF2,316,316
16117010027,"1""",100,150,PERAR,B01AC01,BALL - FLOATING,SOFT,RF,LEVER,FB,RPTFE,LF2,316,316
16117010054,"1""",100,150,PERAR,B01AC01,BALL - FLOATING,SOFT,RF,LEVER,FB,RPTFE,LF2,316,316
16117010001,"1""",100,150,PERAR,B01AC01,BALL - FLOATING,SOFT,RF,LEVER,FB,RPTFE,LF2,316,316
16117010036,"1""",100,150,PERAR,B01AC01,BALL - FLOATING,SOFT,RF,LEVER,FB,RPTFE,LF2,316,316
16117010002,"1""",100,150,PERAR,B01AC01,BALL - FLOATING,SOFT,RF,LEVER,FB,RPTFE,LF2,316,316
16117010082,"1""",100,150,PERAR,B01AC01,BALL - FLOATING,SOFT,RF,LEVER,FB,RPTFE,LF2,316,316
16117010030,"1""",100,150,PERAR,B01AC01,BALL - FLOATING,SOFT,RF,LEVER,FB,RPTFE,LF2,316,316
16117177002,"1""",100,150,PERAR,B01AC01,BALL - FLOATING,SOFT,RF,LEVER,FB,RPTFE,LF2,316,316
16117010076,"1""",100,150,PERAR,B01AC01,BALL - FLOATING,SOFT,RF,LEVER,FB,RPTFE,LF2,316,316
16117010064,"1""",100,150,PERAR,B01AC01,BALL - FLOATING,SOFT,RF,LEVER,FB,RPTFE,LF2,316,316
16117010035,"1""",100,150,PERAR,B01AC01,BALL - FLOATING,SOFT,RF,LEVER,FB,RPTFE,LF2,316,316
16117010078,"1""",100,150,PERAR,B01AC01,BALL - FLOATING,SOFT,RF,LEVER,FB,RPTFE,LF2,316,316
16117010024,"1""",100,150,PERAR,B01AC01,BALL - FLOATING,SOFT,RF,LEVER,FB,RPTFE,LF2,316,316
16117010066,"1""",100,150,PERAR,B01AC01,BALL - FLOATING,SOFT,RF,LEVER,FB,RPTFE,LF2,316,316
16117010019,"1""",100,150,PERAR,B01AC01,BALL - FLOATING,SOFT,RF,LEVER,FB,RPTFE,LF2,316,316
16117010080,"1""",100,150,PERAR,B01AC01,BALL - FLOATING,SOFT,RF,LEVER,FB,RPTFE,LF2,316,316
16117010068,"1""",100,150,PERAR,B01AC01,BALL - FLOATING,SOFT,RF,LEVER,FB,RPTFE,LF2,316,316
16117010083,"1""",100,150,PERAR,B01AC01,BALL - FLOATING,SOFT,RF,LEVER,FB,RPTFE,LF2,316,316
16117010067,"1""",100,150,PERAR,B01AC01,BALL - FLOATING,SOFT,RF,LEVER,FB,RPTFE,LF2,316,316
16117010013,"1""",100,150,PERAR,B01AC01,BALL - FLOATING,SOFT,RF,LEVER,FB,RPTFE,LF2,316,316
16117010041,"1""",100,150,PERAR,B01AC01,BALL - FLOATING,SOFT,RF,LEVER,FB,RPTFE,LF2,316,316
16117010075,"1""",100,150,PERAR,B01AC01,BALL - FLOATING,SOFT,RF,LEVER,FB,RPTFE,LF2,316,316
16117010032,"1""",100,150,PERAR,B01AC01,BALL - FLOATING,SOFT,RF,LEVER,FB,RPTFE,LF2,316,316
16117010014,"1""",100,150,PERAR,B01AC01,BALL - FLOATING,SOFT,RF,LEVER,FB,RPTFE,LF2,316,316
16117010012,"1""",100,150,PERAR,B01AC01,BALL - FLOATING,SOFT,RF,LEVER,FB,RPTFE,LF2,316,316
16117010063,"1""",100,150,PERAR,B01AC01,BALL - FLOATING,SOFT,RF,LEVER,FB,RPTFE,LF2,316,316
16117010047,"1""",100,150,PERAR,B01AC01,BALL - FLOATING,SOFT,RF,LEVER,FB,RPTFE,LF2,316,316
16117010022,"1""",100,150,PERAR,B01AC01,BALL - FLOATING,SOFT,RF,LEVER,FB,RPTFE,LF2,316,316
16117010034,"1""",100,150,PERAR,B01AC01,BALL - FLOATING,SOFT,RF,LEVER,FB,RPTFE,LF2,316,316
16117010018,"1""",100,150,PERAR,B01AC01,BALL - FLOATING,SOFT,RF,LEVER,FB,RPTFE,LF2,316,316
16117010011,"1""",100,150,PERAR,B01AC01,BALL - FLOATING,SOFT,RF,LEVER,FB,RPTFE,LF2,316,316
16117010003,"1""",100,150,PERAR,B01AC01,BALL - FLOATING,SOFT,RF,LEVER,FB,RPTFE,LF2,316,316
16117010065,"1""",100,150,PERAR,B01AC01,BALL - FLOATING,SOFT,RF,LEVER,FB,RPTFE,LF2,316,316
16117010053,"1""",100,150,PERAR,B01AC01,BALL - FLOATING,SOFT,RF,LEVER,FB,RPTFE,LF2,316,316
16117010026,"1""",100,150,PERAR,B01AC01,BALL - FLOATING,SOFT,RF,LEVER,FB,RPTFE,LF2,316,316
16117010043,"1""",100,150,PERAR,B01AC01,BALL - FLOATING,SOFT,RF,LEVER,FB,RPTFE,LF2,316,316
16117010084,"1""",100,150,PERAR,B01AC01,BALL - FLOATING,SOFT,RF,LEVER,FB,RPTFE,LF2,316,316
16117010060,"1""",100,150,PERAR,B01AC01,BALL - FLOATING,SOFT,RF,LEVER,FB,RPTFE,LF2,316,316
16117011003,"1""",100,300,PERAR,B03AS01,BALL - FLOATING,SOFT,RF,LEVER,FB,RPTFE,F316,316,316
16117011001,"1""",100,300,PERAR,B03AS01,BALL - FLOATING,SOFT,RF,LEVER,FB,RPTFE,F316,316,316
16117012013,"1""",100,300,PERAR,B03AC01,BALL - FLOATING,SOFT,RF,LEVER,FB,RPTFE,LF2,316,316
16117012019,"1""",100,300,PERAR,B03AC01,BALL - FLOATING,SOFT,RF,LEVER,FB,RPTFE,LF2,316,316
16117012022,"1""",100,300,PERAR,B03AC01,BALL - FLOATING,SOFT,RF,LEVER,FB,RPTFE,LF2,316,316
16117012005,"1""",100,300,PERAR,B03AC01,BALL - FLOATING,SOFT,RF,LEVER,FB,RPTFE,LF2,316,316
16117012001,"1""",100,300,PERAR,B03AC01,BALL - FLOATING,SOFT,RF,LEVER,FB,RPTFE,LF2,316,316
16117012020,"1""",100,300,PERAR,B03AC01,BALL - FLOATING,SOFT,RF,LEVER,FB,RPTFE,LF2,316,316
16117012015,"1""",100,300,PERAR,B03AC01,BALL - FLOATING,SOFT,RF,LEVER,FB,RPTFE,LF2,316,316
16117012026,"1""",100,300,PERAR,B03AC01,BALL - FLOATING,SOFT,RF,LEVER,FB,RPTFE,LF2,316,316
16117012006,"1""",100,300,PERAR,B03AC01,BALL - FLOATING,SOFT,RF,LEVER,FB,RPTFE,LF2,316,316
16117012025,"1""",100,300,PERAR,B03AC01,BALL - FLOATING,SOFT,RF,LEVER,FB,RPTFE,LF2,316,316
16117012004,"1""",100,300,PERAR,B03AC01,BALL - FLOATING,SOFT,RF,LEVER,FB,RPTFE,LF2,316,316
16117035007,"4""",100,150,PERAR,A01AC01,BALL - FLOATING,SOFT,RF,LEVER,RB,RPTFE,LF2,316,316
16117035013,"4""",100,150,PERAR,A01AC01,BALL - FLOATING,SOFT,RF,LEVER,RB,RPTFE,LF2,316,316
16117012008,"1""",100,300,PERAR,B03AC01,BALL - FLOATING,SOFT,RF,LEVER,FB,RPTFE,LF2,316,316
16117012002,"1""",100,300,PERAR,B03AC01,BALL - FLOATING,SOFT,RF,LEVER,FB,RPTFE,LF2,316,316
16117012016,"1""",100,300,PERAR,B03AC01,BALL - FLOATING,SOFT,RF,LEVER,FB,RPTFE,LF2,316,316
16117012014,"1""",100,300,PERAR,B03AC01,BALL - FLOATING,SOFT,RF,LEVER,FB,RPTFE,LF2,316,316
16117012021,"1""",100,300,PERAR,B03AC01,BALL - FLOATING,SOFT,RF,LEVER,FB,RPTFE,LF2,316,316
16117012007,"1""",100,300,PERAR,B03AC01,BALL - FLOATING,SOFT,RF,LEVER,FB,RPTFE,LF2,316,316
16117012027,"1""",100,300,PERAR,B03AC01,BALL - FLOATING,SOFT,RF,LEVER,FB,RPTFE,LF2,316,316
16117012017,"1""",100,300,PERAR,B03AC01,BALL - FLOATING,SOFT,RF,LEVER,FB,RPTFE,LF2,316,316
16117012011,"1""",100,300,PERAR,B03AC01,BALL - FLOATING,SOFT,RF,LEVER,FB,RPTFE,LF2,316,316
16117012018,"1""",100,300,PERAR,B03AC01,BALL - FLOATING,SOFT,RF,LEVER,FB,RPTFE,LF2,316,316
16117012009,"1""",100,300,PERAR,B03AC01,BALL - FLOATING,SOFT,RF,LEVER,FB,RPTFE,LF2,316,316
16117012010,"1""",100,300,PERAR,B03AC01,BALL - FLOATING,SOFT,RF,LEVER,FB,RPTFE,LF2,316,316
16117012023,"1""",100,300,PERAR,B03AC01,BALL - FLOATING,SOFT,RF,LEVER,FB,RPTFE,LF2,316,316
16117012012,"1""",100,300,PERAR,B03AC01,BALL - FLOATING,SOFT,RF,LEVER,FB,RPTFE,LF2,316,316
16117035017,"4""",100,150,PERAR,A01AC01,BALL - FLOATING,SOFT,RF,LEVER,RB,RPTFE,LF2,316,316
16117035010,"4""",100,150,PERAR,A01AC01,BALL - FLOATING,SOFT,RF,LEVER,RB,RPTFE,LF2,316,316
16117035002,"4""",100,150,PERAR,A01AC01,BALL - FLOATING,SOFT,RF,LEVER,RB,RPTFE,LF2,316,316
16117035001,"4""",100,150,PERAR,A01AC01,BALL - FLOATING,SOFT,RF,LEVER,RB,RPTFE,LF2,316,316
16117035006,"4""",100,150,PERAR,A01AC01,BALL - FLOATING,SOFT,RF,LEVER,RB,RPTFE,LF2,316,316
16117035008,"4""",100,150,PERAR,A01AC01,BALL - FLOATING,SOFT,RF,LEVER,RB,RPTFE,LF2,316,316
16117035003,"4""",100,150,PERAR,A01AC01,BALL - FLOATING,SOFT,RF,LEVER,RB,RPTFE,LF2,316,316
16117035012,"4""",100,150,PERAR,A01AC01,BALL - FLOATING,SOFT,RF,LEVER,RB,RPTFE,LF2,316,316
16117035005,"4""",100,150,PERAR,A01AC01,BALL - FLOATING,SOFT,RF,LEVER,RB,RPTFE,LF2,316,316
16117035014,"4""",100,150,PERAR,A01AC01,BALL - FLOATING,SOFT,RF,LEVER,RB,RPTFE,LF2,316,316
16117035015,"4""",100,150,PERAR,A01AC01,BALL - FLOATING,SOFT,RF,LEVER,RB,RPTFE,LF2,316,316
16117034002,"4""",100,150,PERAR,A01AS01,BALL - FLOATING,SOFT,RF,LEVER,RB,RPTFE,F316,316,316
16117035009,"4""",100,150,PERAR,A01AC01,BALL - FLOATING,SOFT,RF,LEVER,RB,RPTFE,LF2,316,316
16117034009,"4""",100,150,PERAR,A01AS01,BALL - FLOATING,SOFT,RF,LEVER,RB,RPTFE,F316,316,316
16117034008,"4""",100,150,PERAR,A01AS01,BALL - FLOATING,SOFT,RF,LEVER,RB,RPTFE,F316,316,316
16117034007,"4""",100,150,PERAR,A01AS01,BALL - FLOATING,SOFT,RF,LEVER,RB,RPTFE,F316,316,316
16117034001,"4""",100,150,PERAR,A01AS01,BALL - FLOATING,SOFT,RF,LEVER,RB,RPTFE,F316,316,316
16117034003,"4""",100,150,PERAR,A01AS01,BALL - FLOATING,SOFT,RF,LEVER,RB,RPTFE,F316,316,316
16117034006,"4""",100,150,PERAR,A01AS01,BALL - FLOATING,SOFT,RF,LEVER,RB,RPTFE,F316,316,316
16117035004,"4""",100,150,PERAR,A01AC01,BALL - FLOATING,SOFT,RF,LEVER,RB,RPTFE,LF2,316,316
16117035016,"4""",100,150,PERAR,A01AC01,BALL - FLOATING,SOFT,RF,LEVER,RB,RPTFE,LF2,316,316
16117035011,"4""",100,150,PERAR,A01AC01,BALL - FLOATING,SOFT,RF,LEVER,RB,RPTFE,LF2,316,316
16117019001,"1-1/2""",100,150,PERAR,B01AC01,BALL - FLOATING,SOFT,RF,LEVER,FB,RPTFE,LF2,F316,F316
16117019002,"1-1/2""",100,150,PERAR,B01AC01,BALL - FLOATING,SOFT,RF,LEVER,FB,RPTFE,LF2,F316,F316
16117075001,"1-1/2""",100,150,PERAR,B01AC01,BALL - FLOATING,SOFT,RF,LEVER,FB,RPTFE,LF2,F316,F316
16117077001,"1-1/2""",100,600,PERAR,B06AC01,BALL - FLOATING,SOFT,RF,LEVER,FB,PEEK,LF2,625,NITRONIC 50
16117077002,"1-1/2""",100,600,PERAR,B06AC01,BALL - FLOATING,SOFT,RF,LEVER,FB,PEEK,LF2,625,NITRONIC 50
16117089004,"4""",100,150,PERAR,A01AC01,BALL - FLOATING,SOFT,RF,LEVER,RB,RPTFE,LF2,316,316
16117034005,"4""",100,150,PERAR,A01AS01,BALL - FLOATING,SOFT,RF,LEVER,RB,RPTFE,F316,316,316
16117086002,"3""",100,150,PERAR,B01AS01,BALL - FLOATING,SOFT,RF,LEVER,RB,RPTFE,F316,316,316
16117034004,"4""",100,150,PERAR,A01AS01,BALL - FLOATING,SOFT,RF,LEVER,RB,RPTFE,F316,316,316
16117086001,"3""",100,150,PERAR,B01AS01,BALL - FLOATING,SOFT,RF,LEVER,RB,RPTFE,F316,316,316
16117086003,"3""",100,150,PERAR,B01AS01,BALL - FLOATING,SOFT,RF,LEVER,RB,RPTFE,F316,316,316
16117086004,"3""",100,150,PERAR,B01AS01,BALL - FLOATING,SOFT,RF,LEVER,RB,RPTFE,F316,316,316
16117086005,"3""",100,150,PERAR,B01AS01,BALL - FLOATING,SOFT,RF,LEVER,RB,RPTFE,F316,316,316
16117086006,"3""",100,150,PERAR,B01AS01,BALL - FLOATING,SOFT,RF,LEVER,RB,RPTFE,F316,316,316
16117009006,"1""",100,150,PERAR,B01AS01,BALL - FLOATING,SOFT,RF,LEVER,FB,RPTFE,F316,316,316
16117009030,"1""",100,150,PERAR,B01AS01,BALL - FLOATING,SOFT,RF,LEVER,FB,RPTFE,F316,316,316
16117009010,"1""",100,150,PERAR,B01AS01,BALL - FLOATING,SOFT,RF,LEVER,FB,RPTFE,F316,316,316
16117010077,"1""",100,150,PERAR,B01AC01,BALL - FLOATING,SOFT,RF,LEVER,FB,RPTFE,LF2,316,316
16117009007,"1""",100,150,PERAR,B01AS01,BALL - FLOATING,SOFT,RF,LEVER,FB,RPTFE,F316,316,316
16117009024,"1""",100,150,PERAR,B01AS01,BALL - FLOATING,SOFT,RF,LEVER,FB,RPTFE,F316,316,316
16117009002,"1""",100,150,PERAR,B01AS01,BALL - FLOATING,SOFT,RF,LEVER,FB,RPTFE,F316,316,316
16117009009,"1""",100,150,PERAR,B01AS01,BALL - FLOATING,SOFT,RF,LEVER,FB,RPTFE,F316,316,316
16117007003,"1""",100,150,PERAR,B01AM09,BALL - FLOATING,SOFT,RF,LEVER,FB,RPTFE,825,625,718
16117009026,"1""",100,150,PERAR,B01AS01,BALL - FLOATING,SOFT,RF,LEVER,FB,RPTFE,F316,316,316
16117009041,"1""",100,150,PERAR,B01AS01,BALL - FLOATING,SOFT,RF,LEVER,FB,RPTFE,F316,316,316
16117009037,"1""",100,150,PERAR,B01AS01,BALL - FLOATING,SOFT,RF,LEVER,FB,RPTFE,F316,316,316
16117009027,"1""",100,150,PERAR,B01AS01,BALL - FLOATING,SOFT,RF,LEVER,FB,RPTFE,F316,316,316
16117009001,"1""",100,150,PERAR,B01AS01,BALL - FLOATING,SOFT,RF,LEVER,FB,RPTFE,F316,316,316
16117010039,"1""",100,150,PERAR,B01AC01,BALL - FLOATING,SOFT,RF,LEVER,FB,RPTFE,LF2,316,316
16117011002,"1""",100,300,PERAR,B03AS01,BALL - FLOATING,SOFT,RF,LEVER,FB,RPTFE,F316,316,316
16117012003,"1""",100,300,PERAR,B03AC01,BALL - FLOATING,SOFT,RF,LEVER,FB,RPTFE,LF2,316,316
16117089001,"4""",100,150,PERAR,A01AC01,BALL - FLOATING,SOFT,RF,LEVER,RB,RPTFE,LF2,F316,F316
16117089003,"4""",100,150,PERAR,A01AC01,BALL - FLOATING,SOFT,RF,LEVER,RB,RPTFE,LF2,F316,F316
16117089002,"4""",100,150,PERAR,A01AC01,BALL - FLOATING,SOFT,RF,LEVER,RB,RPTFE,LF2,F316,F316
16117089005,"4""",100,150,PERAR,A01AC01,BALL - FLOATING,SOFT,RF,LEVER,RB,RPTFE,LF2,F316,F316
16119024001,"1""",100,300,PERAR,B03AC02,BALL - FLOATING,METAL,RF,LEVER,FB,316 TCC,LF2,316 TCC,NITRONIC 50
16119024002,"1""",100,300,PERAR,B03AC02,BALL - FLOATING,METAL,RF,LEVER,FB,316 TCC,LF2,316 TCC,NITRONIC 50
16119043001,"1""",100,300,PERAR,B03AC02,BALL - FLOATING,METAL,RF,LEVER,FB,316 TCC,LF2,316 TCC,NITRONIC 50
16119044001,"3/4""",100,600,PERAR,B06AC02,BALL - FLOATING,METAL,RF,LEVER,FB,316 TCC,LF2,316 TCC,NITRONIC 50
16119079001,"1""",100,300,PERAR,B03AC02,BALL - FLOATING,METAL,RF,LEVER,FB,316 TCC,LF2,316 TCC,NITRONIC 50
16119078001,"1""",100,150,PERAR,B01AC02,BALL - FLOATING,METAL,RF,LEVER,FB,316 TCC,LF2,316 TCC,NITRONIC 50
16119078006,"1""",100,150,PERAR,B01AC02,BALL - FLOATING,METAL,RF,LEVER,FB,316 TCC,LF2,316 TCC,NITRONIC 50
16119078003,"1""",100,150,PERAR,B01AC02,BALL - FLOATING,METAL,RF,LEVER,FB,316 TCC,LF2,316 TCC,NITRONIC 50
16119078002,"1""",100,150,PERAR,B01AC02,BALL - FLOATING,METAL,RF,LEVER,FB,316 TCC,LF2,316 TCC,NITRONIC 50
16119078007,"1""",100,150,PERAR,B01AC02,BALL - FLOATING,METAL,RF,LEVER,FB,316 TCC,LF2,316 TCC,NITRONIC 50
16119078005,"1""",100,150,PERAR,B01AC02,BALL - FLOATING,METAL,RF,LEVER,FB,316 TCC,LF2,316 TCC,NITRONIC 50
16119078004,"1""",100,150,PERAR,B01AC02,BALL - FLOATING,METAL,RF,LEVER,FB,316 TCC,LF2,316 TCC,NITRONIC 50
16119082015,"1""",100,600,PERAR,B06AC02,BALL - FLOATING,METAL,RF,LEVER,FB,316 TCC,LF2,316 TCC,NITRONIC 50
16119082026,"1""",100,600,PERAR,B06AC02,BALL - FLOATING,METAL,RF,LEVER,FB,316 TCC,LF2,316 TCC,NITRONIC 50
16119082007,"1""",100,600,PERAR,B06AC02,BALL - FLOATING,METAL,RF,LEVER,FB,316 TCC,LF2,316 TCC,NITRONIC 50
16119082021,"1""",100,600,PERAR,B06AC02,BALL - FLOATING,METAL,RF,LEVER,FB,316 TCC,LF2,316 TCC,NITRONIC 50
16119082027,"1""",100,600,PERAR,B06AC02,BALL - FLOATING,METAL,RF,LEVER,FB,316 TCC,LF2,316 TCC,NITRONIC 50
16119082018,"1""",100,600,PERAR,B06AC02,BALL - FLOATING,METAL,RF,LEVER,FB,316 TCC,LF2,316 TCC,NITRONIC 50
16119082020,"1""",100,600,PERAR,B06AC02,BALL - FLOATING,METAL,RF,LEVER,FB,316 TCC,LF2,316 TCC,NITRONIC 50
16119082011,"1""",100,600,PERAR,B06AC02,BALL - FLOATING,METAL,RF,LEVER,FB,316 TCC,LF2,316 TCC,NITRONIC 50
16119082016,"1""",100,600,PERAR,B06AC02,BALL - FLOATING,METAL,RF,LEVER,FB,316 TCC,LF2,316 TCC,NITRONIC 50
16119082014,"1""",100,600,PERAR,B06AC02,BALL - FLOATING,METAL,RF,LEVER,FB,316 TCC,LF2,316 TCC,NITRONIC 50
16119082025,"1""",100,600,PERAR,B06AC02,BALL - FLOATING,METAL,RF,LEVER,FB,316 TCC,LF2,316 TCC,NITRONIC 50
16119082005,"1""",100,600,PERAR,B06AC02,BALL - FLOATING,METAL,RF,LEVER,FB,316 TCC,LF2,316 TCC,NITRONIC 50
16119082022,"1""",100,600,PERAR,B06AC02,BALL - FLOATING,METAL,RF,LEVER,FB,316 TCC,LF2,316 TCC,NITRONIC 50
16119082024,"1""",100,600,PERAR,B06AC02,BALL - FLOATING,METAL,RF,LEVER,FB,316 TCC,LF2,316 TCC,NITRONIC 50
16119082006,"1""",100,600,PERAR,B06AC02,BALL - FLOATING,METAL,RF,LEVER,FB,316 TCC,LF2,316 TCC,NITRONIC 50
16119082012,"1""",100,600,PERAR,B06AC02,BALL - FLOATING,METAL,RF,LEVER,FB,316 TCC,LF2,316 TCC,NITRONIC 50
16119082013,"1""",100,600,PERAR,B06AC02,BALL - FLOATING,METAL,RF,LEVER,FB,316 TCC,LF2,316 TCC,NITRONIC 50
16119082009,"1""",100,600,PERAR,B06AC02,BALL - FLOATING,METAL,RF,LEVER,FB,316 TCC,LF2,316 TCC,NITRONIC 50
16119082002,"1""",100,600,PERAR,B06AC02,BALL - FLOATING,METAL,RF,LEVER,FB,316 TCC,LF2,316 TCC,NITRONIC 50
16119082003,"1""",100,600,PERAR,B06AC02,BALL - FLOATING,METAL,RF,LEVER,FB,316 TCC,LF2,316 TCC,NITRONIC 50
16119082023,"1""",100,600,PERAR,B06AC02,BALL - FLOATING,METAL,RF,LEVER,FB,316 TCC,LF2,316 TCC,NITRONIC 50
16119082019,"1""",100,600,PERAR,B06AC02,BALL - FLOATING,METAL,RF,LEVER,FB,316 TCC,LF2,316 TCC,NITRONIC 50
16119081001,"1""",100,600,PERAR,B06AC02,BALL - FLOATING,METAL,RF,LEVER,FB,316 TCC,LF2,316 TCC,NITRONIC 50
16119082017,"1""",100,600,PERAR,B06AC02,BALL - FLOATING,METAL,RF,LEVER,FB,316 TCC,LF2,316 TCC,NITRONIC 50
16119082004,"1""",100,600,PERAR,B06AC02,BALL - FLOATING,METAL,RF,LEVER,FB,316 TCC,LF2,316 TCC,NITRONIC 50
16119082001,"1""",100,600,PERAR,B06AC02,BALL - FLOATING,METAL,RF,LEVER,FB,316 TCC,LF2,316 TCC,NITRONIC 50
16119082010,"1""",100,600,PERAR,B06AC02,BALL - FLOATING,METAL,RF,LEVER,FB,316 TCC,LF2,316 TCC,NITRONIC 50
16119082029,"1""",100,600,PERAR,B06AC02,BALL - FLOATING,METAL,RF,LEVER,FB,316 TCC,LF2,316 TCC,NITRONIC 50
16119082008,"1""",100,600,PERAR,B06AC02,BALL - FLOATING,METAL,RF,LEVER,FB,316 TCC,LF2,316 TCC,NITRONIC 50
16119082028,"1""",100,600,PERAR,B06AC02,BALL - FLOATING,METAL,RF,LEVER,FB,316 TCC,LF2,316 TCC,NITRONIC 50
16119045002,"1""",100,600,PERAR,B06AC02,BALL - FLOATING,METAL,RF,LEVER,FB,316 TCC,LF2,316 TCC,NITRONIC 50
16119045007,"1""",100,600,PERAR,B06AC02,BALL - FLOATING,METAL,RF,LEVER,FB,316 TCC,LF2,316 TCC,NITRONIC 50
16119045009,"1""",100,600,PERAR,B06AC02,BALL - FLOATING,METAL,RF,LEVER,FB,316 TCC,LF2,316 TCC,NITRONIC 50
16119045003,"1""",100,600,PERAR,B06AC02,BALL - FLOATING,METAL,RF,LEVER,FB,316 TCC,LF2,316 TCC,NITRONIC 50
16119045008,"1""",100,600,PERAR,B06AC02,BALL - FLOATING,METAL,RF,LEVER,FB,316 TCC,LF2,316 TCC,NITRONIC 50
16119045005,"1""",100,600,PERAR,B06AC02,BALL - FLOATING,METAL,RF,LEVER,FB,316 TCC,LF2,316 TCC,NITRONIC 50
16119045004,"1""",100,600,PERAR,B06AC02,BALL - FLOATING,METAL,RF,LEVER,FB,316 TCC,LF2,316 TCC,NITRONIC 50
16119045001,"1""",100,600,PERAR,B06AC02,BALL - FLOATING,METAL,RF,LEVER,FB,316 TCC,LF2,316 TCC,NITRONIC 50
16119045006,"1""",100,600,PERAR,B06AC02,BALL - FLOATING,METAL,RF,LEVER,FB,316 TCC,LF2,316 TCC,NITRONIC 50
16119081043,"1""",100,600,PERAR,B06AC02,BALL - FLOATING,METAL,RF,LEVER,FB,316 TCC,LF2,316 TCC,NITRONIC 50
16119081048,"1""",100,600,PERAR,B06AC02,BALL - FLOATING,METAL,RF,LEVER,FB,316 TCC,LF2,316 TCC,NITRONIC 50
16119081029,"1""",100,600,PERAR,B06AC02,BALL - FLOATING,METAL,RF,LEVER,FB,316 TCC,LF2,316 TCC,NITRONIC 50
16119081022,"1""",100,600,PERAR,B06AC02,BALL - FLOATING,METAL,RF,LEVER,FB,316 TCC,LF2,316 TCC,NITRONIC 50
16119081024,"1""",100,600,PERAR,B06AC02,BALL - FLOATING,METAL,RF,LEVER,FB,316 TCC,LF2,316 TCC,NITRONIC 50
16119081042,"1""",100,600,PERAR,B06AC02,BALL - FLOATING,METAL,RF,LEVER,FB,316 TCC,LF2,316 TCC,NITRONIC 50
16119081047,"1""",100,600,PERAR,B06AC02,BALL - FLOATING,METAL,RF,LEVER,FB,316 TCC,LF2,316 TCC,NITRONIC 50
16119081027,"1""",100,600,PERAR,B06AC02,BALL - FLOATING,METAL,RF,LEVER,FB,316 TCC,LF2,316 TCC,NITRONIC 50
16119081037,"1""",100,600,PERAR,B06AC02,BALL - FLOATING,METAL,RF,LEVER,FB,316 TCC,LF2,316 TCC,NITRONIC 50
16119081026,"1""",100,600,PERAR,B06AC02,BALL - FLOATING,METAL,RF,LEVER,FB,316 TCC,LF2,316 TCC,NITRONIC 50
16119081040,"1""",100,600,PERAR,B06AC02,BALL - FLOATING,METAL,RF,LEVER,FB,316 TCC,LF2,316 TCC,NITRONIC 50
16119081033,"1""",100,600,PERAR,B06AC02,BALL - FLOATING,METAL,RF,LEVER,FB,316 TCC,LF2,316 TCC,NITRONIC 50
16119081044,"1""",100,600,PERAR,B06AC02,BALL - FLOATING,METAL,RF,LEVER,FB,316 TCC,LF2,316 TCC,NITRONIC 50
16119081031,"1""",100,600,PERAR,B06AC02,BALL - FLOATING,METAL,RF,LEVER,FB,316 TCC,LF2,316 TCC,NITRONIC 50
16119081032,"1""",100,600,PERAR,B06AC02,BALL - FLOATING,METAL,RF,LEVER,FB,316 TCC,LF2,316 TCC,NITRONIC 50
16119081036,"1""",100,600,PERAR,B06AC02,BALL - FLOATING,METAL,RF,LEVER,FB,316 TCC,LF2,316 TCC,NITRONIC 50
16119081028,"1""",100,600,PERAR,B06AC02,BALL - FLOATING,METAL,RF,LEVER,FB,316 TCC,LF2,316 TCC,NITRONIC 50
16119081023,"1""",100,600,PERAR,B06AC02,BALL - FLOATING,METAL,RF,LEVER,FB,316 TCC,LF2,316 TCC,NITRONIC 50
16119081010,"1""",100,600,PERAR,B06AC02,BALL - FLOATING,METAL,RF,LEVER,FB,316 TCC,LF2,316 TCC,NITRONIC 50
16119081009,"1""",100,600,PERAR,B06AC02,BALL - FLOATING,METAL,RF,LEVER,FB,316 TCC,LF2,316 TCC,NITRONIC 50
16119081035,"1""",100,600,PERAR,B06AC02,BALL - FLOATING,METAL,RF,LEVER,FB,316 TCC,LF2,316 TCC,NITRONIC 50
16119081049,"1""",100,600,PERAR,B06AC02,BALL - FLOATING,METAL,RF,LEVER,FB,316 TCC,LF2,316 TCC,NITRONIC 50
16119081002,"1""",100,600,PERAR,B06AC02,BALL - FLOATING,METAL,RF,LEVER,FB,316 TCC,LF2,316 TCC,NITRONIC 50
16119081039,"1""",100,600,PERAR,B06AC02,BALL - FLOATING,METAL,RF,LEVER,FB,316 TCC,LF2,316 TCC,NITRONIC 50
16119081021,"1""",100,600,PERAR,B06AC02,BALL - FLOATING,METAL,RF,LEVER,FB,316 TCC,LF2,316 TCC,NITRONIC 50
16119081034,"1""",100,600,PERAR,B06AC02,BALL - FLOATING,METAL,RF,LEVER,FB,316 TCC,LF2,316 TCC,NITRONIC 50
16119081004,"1""",100,600,PERAR,B06AC02,BALL - FLOATING,METAL,RF,LEVER,FB,316 TCC,LF2,316 TCC,NITRONIC 50
16119081018,"1""",100,600,PERAR,B06AC02,BALL - FLOATING,METAL,RF,LEVER,FB,316 TCC,LF2,316 TCC,NITRONIC 50
16119081014,"1""",100,600,PERAR,B06AC02,BALL - FLOATING,METAL,RF,LEVER,FB,316 TCC,LF2,316 TCC,NITRONIC 50
16119081012,"1""",100,600,PERAR,B06AC02,BALL - FLOATING,METAL,RF,LEVER,FB,316 TCC,LF2,316 TCC,NITRONIC 50
16119081019,"1""",100,600,PERAR,B06AC02,BALL - FLOATING,METAL,RF,LEVER,FB,316 TCC,LF2,316 TCC,NITRONIC 50
16119081003,"1""",100,600,PERAR,B06AC02,BALL - FLOATING,METAL,RF,LEVER,FB,316 TCC,LF2,316 TCC,NITRONIC 50
16119081020,"1""",100,600,PERAR,B06AC02,BALL - FLOATING,METAL,RF,LEVER,FB,316 TCC,LF2,316 TCC,NITRONIC 50
16119081025,"1""",100,600,PERAR,B06AC02,BALL - FLOATING,METAL,RF,LEVER,FB,316 TCC,LF2,316 TCC,NITRONIC 50
16119081005,"1""",100,600,PERAR,B06AC02,BALL - FLOATING,METAL,RF,LEVER,FB,316 TCC,LF2,316 TCC,NITRONIC 50
16119081038,"1""",100,600,PERAR,B06AC02,BALL - FLOATING,METAL,RF,LEVER,FB,316 TCC,LF2,316 TCC,NITRONIC 50
16119081041,"1""",100,600,PERAR,B06AC02,BALL - FLOATING,METAL,RF,LEVER,FB,316 TCC,LF2,316 TCC,NITRONIC 50
16119081045,"1""",100,600,PERAR,B06AC02,BALL - FLOATING,METAL,RF,LEVER,FB,316 TCC,LF2,316 TCC,NITRONIC 50
16119081050,"1""",100,600,PERAR,B06AC02,BALL - FLOATING,METAL,RF,LEVER,FB,316 TCC,LF2,316 TCC,NITRONIC 50
16119081017,"1""",100,600,PERAR,B06AC02,BALL - FLOATING,METAL,RF,LEVER,FB,316 TCC,LF2,316 TCC,NITRONIC 50
16119081046,"1""",100,600,PERAR,B06AC02,BALL - FLOATING,METAL,RF,LEVER,FB,316 TCC,LF2,316 TCC,NITRONIC 50
16119081008,"1""",100,600,PERAR,B06AC02,BALL - FLOATING,METAL,RF,LEVER,FB,316 TCC,LF2,316 TCC,NITRONIC 50
16119081015,"1""",100,600,PERAR,B06AC02,BALL - FLOATING,METAL,RF,LEVER,FB,316 TCC,LF2,316 TCC,NITRONIC 50
16119081030,"1""",100,600,PERAR,B06AC02,BALL - FLOATING,METAL,RF,LEVER,FB,316 TCC,LF2,316 TCC,NITRONIC 50
16119081013,"1""",100,600,PERAR,B06AC02,BALL - FLOATING,METAL,RF,LEVER,FB,316 TCC,LF2,316 TCC,NITRONIC 50
16119081011,"1""",100,600,PERAR,B06AC02,BALL - FLOATING,METAL,RF,LEVER,FB,316 TCC,LF2,316 TCC,NITRONIC 50
16119081007,"1""",100,600,PERAR,B06AC02,BALL - FLOATING,METAL,RF,LEVER,FB,316 TCC,LF2,316 TCC,NITRONIC 50
16119081006,"1""",100,600,PERAR,B06AC02,BALL - FLOATING,METAL,RF,LEVER,FB,316 TCC,LF2,316 TCC,NITRONIC 50
16119081016,"1""",100,600,PERAR,B06AC02,BALL - FLOATING,METAL,RF,LEVER,FB,316 TCC,LF2,316 TCC,NITRONIC 50
16119080024,"3/4""",100,600,PERAR,B06AC02,BALL - FLOATING,METAL,RF,LEVER,FB,316 TCC,LF2,316 TCC,NITRONIC 50
16119080017,"3/4""",100,600,PERAR,B06AC02,BALL - FLOATING,METAL,RF,LEVER,FB,316 TCC,LF2,316 TCC,NITRONIC 50
16119080010,"3/4""",100,600,PERAR,B06AC02,BALL - FLOATING,METAL,RF,LEVER,FB,316 TCC,LF2,316 TCC,NITRONIC 50
16119080012,"3/4""",100,600,PERAR,B06AC02,BALL - FLOATING,METAL,RF,LEVER,FB,316 TCC,LF2,316 TCC,NITRONIC 50
16119080023,"3/4""",100,600,PERAR,B06AC02,BALL - FLOATING,METAL,RF,LEVER,FB,316 TCC,LF2,316 TCC,NITRONIC 50
16119080020,"3/4""",100,600,PERAR,B06AC02,BALL - FLOATING,METAL,RF,LEVER,FB,316 TCC,LF2,316 TCC,NITRONIC 50
16119080019,"3/4""",100,600,PERAR,B06AC02,BALL - FLOATING,METAL,RF,LEVER,FB,316 TCC,LF2,316 TCC,NITRONIC 50
16119080007,"3/4""",100,600,PERAR,B06AC02,BALL - FLOATING,METAL,RF,LEVER,FB,316 TCC,LF2,316 TCC,NITRONIC 50
16119080021,"3/4""",100,600,PERAR,B06AC02,BALL - FLOATING,METAL,RF,LEVER,FB,316 TCC,LF2,316 TCC,NITRONIC 50
16119080025,"3/4""",100,600,PERAR,B06AC02,BALL - FLOATING,METAL,RF,LEVER,FB,316 TCC,LF2,316 TCC,NITRONIC 50
16119080003,"3/4""",100,600,PERAR,B06AC02,BALL - FLOATING,METAL,RF,LEVER,FB,316 TCC,LF2,316 TCC,NITRONIC 50
16119080009,"3/4""",100,600,PERAR,B06AC02,BALL - FLOATING,METAL,RF,LEVER,FB,316 TCC,LF2,316 TCC,NITRONIC 50
16119080022,"3/4""",100,600,PERAR,B06AC02,BALL - FLOATING,METAL,RF,LEVER,FB,316 TCC,LF2,316 TCC,NITRONIC 50
16119080015,"3/4""",100,600,PERAR,B06AC02,BALL - FLOATING,METAL,RF,LEVER,FB,316 TCC,LF2,316 TCC,NITRONIC 50
16119080001,"3/4""",100,600,PERAR,B06AC02,BALL - FLOATING,METAL,RF,LEVER,FB,316 TCC,LF2,316 TCC,NITRONIC 50
16119080018,"3/4""",100,600,PERAR,B06AC02,BALL - FLOATING,METAL,RF,LEVER,FB,316 TCC,LF2,316 TCC,NITRONIC 50
16119080033,"3/4""",100,600,PERAR,B06AC02,BALL - FLOATING,METAL,RF,LEVER,FB,316 TCC,LF2,316 TCC,NITRONIC 50
16119080016,"3/4""",100,600,PERAR,B06AC02,BALL - FLOATING,METAL,RF,LEVER,FB,316 TCC,LF2,316 TCC,NITRONIC 50
16119080002,"3/4""",100,600,PERAR,B06AC02,BALL - FLOATING,METAL,RF,LEVER,FB,316 TCC,LF2,316 TCC,NITRONIC 50
16119080026,"3/4""",100,600,PERAR,B06AC02,BALL - FLOATING,METAL,RF,LEVER,FB,316 TCC,LF2,316 TCC,NITRONIC 50
16119080014,"3/4""",100,600,PERAR,B06AC02,BALL - FLOATING,METAL,RF,LEVER,FB,316 TCC,LF2,316 TCC,NITRONIC 50
16119080013,"3/4""",100,600,PERAR,B06AC02,BALL - FLOATING,METAL,RF,LEVER,FB,316 TCC,LF2,316 TCC,NITRONIC 50
16119080005,"3/4""",100,600,PERAR,B06AC02,BALL - FLOATING,METAL,RF,LEVER,FB,316 TCC,LF2,316 TCC,NITRONIC 50
16119080029,"3/4""",100,600,PERAR,B06AC02,BALL - FLOATING,METAL,RF,LEVER,FB,316 TCC,LF2,316 TCC,NITRONIC 50
16119080034,"3/4""",100,600,PERAR,B06AC02,BALL - FLOATING,METAL,RF,LEVER,FB,316 TCC,LF2,316 TCC,NITRONIC 50
16119080036,"3/4""",100,600,PERAR,B06AC02,BALL - FLOATING,METAL,RF,LEVER,FB,316 TCC,LF2,316 TCC,NITRONIC 50
16119080030,"3/4""",100,600,PERAR,B06AC02,BALL - FLOATING,METAL,RF,LEVER,FB,316 TCC,LF2,316 TCC,NITRONIC 50
16119080031,"3/4""",100,600,PERAR,B06AC02,BALL - FLOATING,METAL,RF,LEVER,FB,316 TCC,LF2,316 TCC,NITRONIC 50
16119080028,"3/4""",100,600,PERAR,B06AC02,BALL - FLOATING,METAL,RF,LEVER,FB,316 TCC,LF2,316 TCC,NITRONIC 50
16119080011,"3/4""",100,600,PERAR,B06AC02,BALL - FLOATING,METAL,RF,LEVER,FB,316 TCC,LF2,316 TCC,NITRONIC 50
16119080027,"3/4""",100,600,PERAR,B06AC02,BALL - FLOATING,METAL,RF,LEVER,FB,316 TCC,LF2,316 TCC,NITRONIC 50
16119080004,"3/4""",100,600,PERAR,B06AC02,BALL - FLOATING,METAL,RF,LEVER,FB,316 TCC,LF2,316 TCC,NITRONIC 50
16119080035,"3/4""",100,600,PERAR,B06AC02,BALL - FLOATING,METAL,RF,LEVER,FB,316 TCC,LF2,316 TCC,NITRONIC 50
16119080008,"3/4""",100,600,PERAR,B06AC02,BALL - FLOATING,METAL,RF,LEVER,FB,316 TCC,LF2,316 TCC,NITRONIC 50
16119080032,"3/4""",100,600,PERAR,B06AC02,BALL - FLOATING,METAL,RF,LEVER,FB,316 TCC,LF2,316 TCC,NITRONIC 50
16119080006,"3/4""",100,600,PERAR,B06AC02,BALL - FLOATING,METAL,RF,LEVER,FB,316 TCC,LF2,316 TCC,NITRONIC 50
16119040001,"1""",100,150,PERAR,B01AC02,BALL - FLOATING,METAL,RF,LEVER,FB,316 TCC,LF2,316 TCC,NITRONIC 50
16119040002,"1""",100,150,PERAR,B01AC02,BALL - FLOATING,METAL,RF,LEVER,FB,316 TCC,LF2,316 TCC,NITRONIC 50
16119018001,"1""",100,150,PERAR,B01AC02,BALL - FLOATING,METAL,RF,LEVER,FB,316 TCC,LF2,316 TCC,NITRONIC 50
16119018002,"1""",100,150,PERAR,B01AC02,BALL - FLOATING,METAL,RF,LEVER,FB,316 TCC,LF2,316 TCC,NITRONIC 50
16119009009,"1""",100,600,PERAR,B06AC02,BALL - FLOATING,METAL,RF,LEVER,FB,316 TCC,LF2,316 TCC,NITRONIC 50
16119013002,"3/4""",100,600,PERAR,B06AC02,BALL - FLOATING,METAL,RF,LEVER,FB,316 TCC,LF2,316 TCC,NITRONIC 50
16119009001,"1""",100,600,PERAR,B06AC02,BALL - FLOATING,METAL,RF,LEVER,FB,316 TCC,LF2,316 TCC,NITRONIC 50
16119013001,"3/4""",100,600,PERAR,B06AC02,BALL - FLOATING,METAL,RF,LEVER,FB,316 TCC,LF2,316 TCC,NITRONIC 50
16119009006,"1""",100,600,PERAR,B06AC02,BALL - FLOATING,METAL,RF,LEVER,FB,316 TCC,LF2,316 TCC,NITRONIC 50
16119009007,"1""",100,600,PERAR,B06AC02,BALL - FLOATING,METAL,RF,LEVER,FB,316 TCC,LF2,316 TCC,NITRONIC 50
16119009003,"1""",100,600,PERAR,B06AC02,BALL - FLOATING,METAL,RF,LEVER,FB,316 TCC,LF2,316 TCC,NITRONIC 50
16119028001,"3/4""",100,600,PERAR,B06AC02,BALL - FLOATING,METAL,RF,LEVER,FB,316 TCC,LF2,316 TCC,NITRONIC 50
16119009002,"1""",100,600,PERAR,B06AC02,BALL - FLOATING,METAL,RF,LEVER,FB,316 TCC,LF2,316 TCC,NITRONIC 50
16119009010,"1""",100,600,PERAR,B06AC02,BALL - FLOATING,METAL,RF,LEVER,FB,316 TCC,LF2,316 TCC,NITRONIC 50
16119009005,"1""",100,600,PERAR,B06AC02,BALL - FLOATING,METAL,RF,LEVER,FB,316 TCC,LF2,316 TCC,NITRONIC 50
16119006002,"1/2""",100,150,PERAR,B01AC02,BALL - FLOATING,METAL,RF,LEVER,FB,316 TCC,LF2,316 TCC,NITRONIC 50
16119006006,"1/2""",100,150,PERAR,B01AC02,BALL - FLOATING,METAL,RF,LEVER,FB,316 TCC,LF2,316 TCC,NITRONIC 50
16119006003,"1/2""",100,150,PERAR,B01AC02,BALL - FLOATING,METAL,RF,LEVER,FB,316 TCC,LF2,316 TCC,NITRONIC 50
16119006004,"1/2""",100,150,PERAR,B01AC02,BALL - FLOATING,METAL,RF,LEVER,FB,316 TCC,LF2,316 TCC,NITRONIC 50
16119006010,"1/2""",100,150,PERAR,B01AC02,BALL - FLOATING,METAL,RF,LEVER,FB,316 TCC,LF2,316 TCC,NITRONIC 50
16119006009,"1/2""",100,150,PERAR,B01AC02,BALL - FLOATING,METAL,RF,LEVER,FB,316 TCC,LF2,316 TCC,NITRONIC 50
16119006005,"1/2""",100,150,PERAR,B01AC02,BALL - FLOATING,METAL,RF,LEVER,FB,316 TCC,LF2,316 TCC,NITRONIC 50
16119006011,"1/2""",100,150,PERAR,B01AC02,BALL - FLOATING,METAL,RF,LEVER,FB,316 TCC,LF2,316 TCC,NITRONIC 50
16119006008,"1/2""",100,150,PERAR,B01AC02,BALL - FLOATING,METAL,RF,LEVER,FB,316 TCC,LF2,316 TCC,NITRONIC 50
16119006007,"1/2""",100,150,PERAR,B01AC02,BALL - FLOATING,METAL,RF,LEVER,FB,316 TCC,LF2,316 TCC,NITRONIC 50
16119006001,"1/2""",100,150,PERAR,B01AC02,BALL - FLOATING,METAL,RF,LEVER,FB,316 TCC,LF2,316 TCC,NITRONIC 50
16119041003,"3/4""",100,150,PERAR,B01AC02,BALL - FLOATING,METAL,RF,LEVER,FB,316 TCC,LF2,316 TCC,NITRONIC 50
16119041004,"3/4""",100,150,PERAR,B01AC02,BALL - FLOATING,METAL,RF,LEVER,FB,316 TCC,LF2,316 TCC,NITRONIC 50
16119041005,"3/4""",100,150,PERAR,B01AC02,BALL - FLOATING,METAL,RF,LEVER,FB,316 TCC,LF2,316 TCC,NITRONIC 50
16119020003,"3/4""",100,150,PERAR,B01AC02,BALL - FLOATING,METAL,RF,LEVER,FB,316 TCC,LF2,316 TCC,NITRONIC 50
16119035001,"3/4""",100,150,PERAR,B01AC02,BALL - FLOATING,METAL,RF,LEVER,FB,316 TCC,LF2,316 TCC,NITRONIC 50
16119035004,"3/4""",100,150,PERAR,B01AC02,BALL - FLOATING,METAL,RF,LEVER,FB,316 TCC,LF2,316 TCC,NITRONIC 50
16119035002,"3/4""",100,150,PERAR,B01AC02,BALL - FLOATING,METAL,RF,LEVER,FB,316 TCC,LF2,316 TCC,NITRONIC 50
16119035009,"3/4""",100,150,PERAR,B01AC02,BALL - FLOATING,METAL,RF,LEVER,FB,316 TCC,LF2,316 TCC,NITRONIC 50
16119020002,"3/4""",100,150,PERAR,B01AC02,BALL - FLOATING,METAL,RF,LEVER,FB,316 TCC,LF2,316 TCC,NITRONIC 50
16119020001,"3/4""",100,150,PERAR,B01AC02,BALL - FLOATING,METAL,RF,LEVER,FB,316 TCC,LF2,316 TCC,NITRONIC 50
16119035008,"3/4""",100,150,PERAR,B01AC02,BALL - FLOATING,METAL,RF,LEVER,FB,316 TCC,LF2,316 TCC,NITRONIC 50
16119035006,"3/4""",100,150,PERAR,B01AC02,BALL - FLOATING,METAL,RF,LEVER,FB,316 TCC,LF2,316 TCC,NITRONIC 50
16119041001,"3/4""",100,150,PERAR,B01AC02,BALL - FLOATING,METAL,RF,LEVER,FB,316 TCC,LF2,316 TCC,NITRONIC 50
16119035011,"3/4""",100,150,PERAR,B01AC02,BALL - FLOATING,METAL,RF,LEVER,FB,316 TCC,LF2,316 TCC,NITRONIC 50
16119041002,"3/4""",100,150,PERAR,B01AC02,BALL - FLOATING,METAL,RF,LEVER,FB,316 TCC,LF2,316 TCC,NITRONIC 50
16119035012,"3/4""",100,150,PERAR,B01AC02,BALL - FLOATING,METAL,RF,LEVER,FB,316 TCC,LF2,316 TCC,NITRONIC 50
16119035003,"3/4""",100,150,PERAR,B01AC02,BALL - FLOATING,METAL,RF,LEVER,FB,316 TCC,LF2,316 TCC,NITRONIC 50
16119035005,"3/4""",100,150,PERAR,B01AC02,BALL - FLOATING,METAL,RF,LEVER,FB,316 TCC,LF2,316 TCC,NITRONIC 50
16119035013,"3/4""",100,150,PERAR,B01AC02,BALL - FLOATING,METAL,RF,LEVER,FB,316 TCC,LF2,316 TCC,NITRONIC 50
16119035007,"3/4""",100,150,PERAR,B01AC02,BALL - FLOATING,METAL,RF,LEVER,FB,316 TCC,LF2,316 TCC,NITRONIC 50
16119029001,"3/4""",100,150,PERAR,B01AC02,BALL - FLOATING,METAL,RF,LEVER,FB,316 TCC,LF2,316 TCC,NITRONIC 50
16119029004,"3/4""",100,150,PERAR,B01AC02,BALL - FLOATING,METAL,RF,LEVER,FB,316 TCC,LF2,316 TCC,NITRONIC 50
16119029020,"3/4""",100,150,PERAR,B01AC02,BALL - FLOATING,METAL,RF,LEVER,FB,316 TCC,LF2,316 TCC,NITRONIC 50
16119029029,"3/4""",100,150,PERAR,B01AC02,BALL - FLOATING,METAL,RF,LEVER,FB,316 TCC,LF2,316 TCC,NITRONIC 50
16119029011,"3/4""",100,150,PERAR,B01AC02,BALL - FLOATING,METAL,RF,LEVER,FB,316 TCC,LF2,316 TCC,NITRONIC 50
16119035010,"3/4""",100,150,PERAR,B01AC02,BALL - FLOATING,METAL,RF,LEVER,FB,316 TCC,LF2,316 TCC,NITRONIC 50
16119029027,"3/4""",100,150,PERAR,B01AC02,BALL - FLOATING,METAL,RF,LEVER,FB,316 TCC,LF2,316 TCC,NITRONIC 50
16119029034,"3/4""",100,150,PERAR,B01AC02,BALL - FLOATING,METAL,RF,LEVER,FB,316 TCC,LF2,316 TCC,NITRONIC 50
16119029035,"3/4""",100,150,PERAR,B01AC02,BALL - FLOATING,METAL,RF,LEVER,FB,316 TCC,LF2,316 TCC,NITRONIC 50
16119029019,"3/4""",100,150,PERAR,B01AC02,BALL - FLOATING,METAL,RF,LEVER,FB,316 TCC,LF2,316 TCC,NITRONIC 50
16119029043,"3/4""",100,150,PERAR,B01AC02,BALL - FLOATING,METAL,RF,LEVER,FB,316 TCC,LF2,316 TCC,NITRONIC 50
16119029042,"3/4""",100,150,PERAR,B01AC02,BALL - FLOATING,METAL,RF,LEVER,FB,316 TCC,LF2,316 TCC,NITRONIC 50
16119029032,"3/4""",100,150,PERAR,B01AC02,BALL - FLOATING,METAL,RF,LEVER,FB,316 TCC,LF2,316 TCC,NITRONIC 50
16119029018,"3/4""",100,150,PERAR,B01AC02,BALL - FLOATING,METAL,RF,LEVER,FB,316 TCC,LF2,316 TCC,NITRONIC 50
16119029007,"3/4""",100,150,PERAR,B01AC02,BALL - FLOATING,METAL,RF,LEVER,FB,316 TCC,LF2,316 TCC,NITRONIC 50
16119029045,"3/4""",100,150,PERAR,B01AC02,BALL - FLOATING,METAL,RF,LEVER,FB,316 TCC,LF2,316 TCC,NITRONIC 50
16119029008,"3/4""",100,150,PERAR,B01AC02,BALL - FLOATING,METAL,RF,LEVER,FB,316 TCC,LF2,316 TCC,NITRONIC 50
16119029041,"3/4""",100,150,PERAR,B01AC02,BALL - FLOATING,METAL,RF,LEVER,FB,316 TCC,LF2,316 TCC,NITRONIC 50
16119029005,"3/4""",100,150,PERAR,B01AC02,BALL - FLOATING,METAL,RF,LEVER,FB,316 TCC,LF2,316 TCC,NITRONIC 50
16119029040,"3/4""",100,150,PERAR,B01AC02,BALL - FLOATING,METAL,RF,LEVER,FB,316 TCC,LF2,316 TCC,NITRONIC 50
16119029046,"3/4""",100,150,PERAR,B01AC02,BALL - FLOATING,METAL,RF,LEVER,FB,316 TCC,LF2,316 TCC,NITRONIC 50
16119029022,"3/4""",100,150,PERAR,B01AC02,BALL - FLOATING,METAL,RF,LEVER,FB,316 TCC,LF2,316 TCC,NITRONIC 50
16119029012,"3/4""",100,150,PERAR,B01AC02,BALL - FLOATING,METAL,RF,LEVER,FB,316 TCC,LF2,316 TCC,NITRONIC 50
16119029015,"3/4""",100,150,PERAR,B01AC02,BALL - FLOATING,METAL,RF,LEVER,FB,316 TCC,LF2,316 TCC,NITRONIC 50
16119029016,"3/4""",100,150,PERAR,B01AC02,BALL - FLOATING,METAL,RF,LEVER,FB,316 TCC,LF2,316 TCC,NITRONIC 50
16119029006,"3/4""",100,150,PERAR,B01AC02,BALL - FLOATING,METAL,RF,LEVER,FB,316 TCC,LF2,316 TCC,NITRONIC 50
16119029038,"3/4""",100,150,PERAR,B01AC02,BALL - FLOATING,METAL,RF,LEVER,FB,316 TCC,LF2,316 TCC,NITRONIC 50
16119029021,"3/4""",100,150,PERAR,B01AC02,BALL - FLOATING,METAL,RF,LEVER,FB,316 TCC,LF2,316 TCC,NITRONIC 50
16119029048,"3/4""",100,150,PERAR,B01AC02,BALL - FLOATING,METAL,RF,LEVER,FB,316 TCC,LF2,316 TCC,NITRONIC 50
16119029047,"3/4""",100,150,PERAR,B01AC02,BALL - FLOATING,METAL,RF,LEVER,FB,316 TCC,LF2,316 TCC,NITRONIC 50
16119029013,"3/4""",100,150,PERAR,B01AC02,BALL - FLOATING,METAL,RF,LEVER,FB,316 TCC,LF2,316 TCC,NITRONIC 50
16119029025,"3/4""",100,150,PERAR,B01AC02,BALL - FLOATING,METAL,RF,LEVER,FB,316 TCC,LF2,316 TCC,NITRONIC 50
16119029003,"3/4""",100,150,PERAR,B01AC02,BALL - FLOATING,METAL,RF,LEVER,FB,316 TCC,LF2,316 TCC,NITRONIC 50
16119029050,"3/4""",100,150,PERAR,B01AC02,BALL - FLOATING,METAL,RF,LEVER,FB,316 TCC,LF2,316 TCC,NITRONIC 50
16119029026,"3/4""",100,150,PERAR,B01AC02,BALL - FLOATING,METAL,RF,LEVER,FB,316 TCC,LF2,316 TCC,NITRONIC 50
16119029030,"3/4""",100,150,PERAR,B01AC02,BALL - FLOATING,METAL,RF,LEVER,FB,316 TCC,LF2,316 TCC,NITRONIC 50
16119029002,"3/4""",100,150,PERAR,B01AC02,BALL - FLOATING,METAL,RF,LEVER,FB,316 TCC,LF2,316 TCC,NITRONIC 50
16119029049,"3/4""",100,150,PERAR,B01AC02,BALL - FLOATING,METAL,RF,LEVER,FB,316 TCC,LF2,316 TCC,NITRONIC 50
16119029039,"3/4""",100,150,PERAR,B01AC02,BALL - FLOATING,METAL,RF,LEVER,FB,316 TCC,LF2,316 TCC,NITRONIC 50
16119029017,"3/4""",100,150,PERAR,B01AC02,BALL - FLOATING,METAL,RF,LEVER,FB,316 TCC,LF2,316 TCC,NITRONIC 50
16119029009,"3/4""",100,150,PERAR,B01AC02,BALL - FLOATING,METAL,RF,LEVER,FB,316 TCC,LF2,316 TCC,NITRONIC 50
16119029036,"3/4""",100,150,PERAR,B01AC02,BALL - FLOATING,METAL,RF,LEVER,FB,316 TCC,LF2,316 TCC,NITRONIC 50
16119029037,"3/4""",100,150,PERAR,B01AC02,BALL - FLOATING,METAL,RF,LEVER,FB,316 TCC,LF2,316 TCC,NITRONIC 50
16119029028,"3/4""",100,150,PERAR,B01AC02,BALL - FLOATING,METAL,RF,LEVER,FB,316 TCC,LF2,316 TCC,NITRONIC 50
16119029044,"3/4""",100,150,PERAR,B01AC02,BALL - FLOATING,METAL,RF,LEVER,FB,316 TCC,LF2,316 TCC,NITRONIC 50
16119029033,"3/4""",100,150,PERAR,B01AC02,BALL - FLOATING,METAL,RF,LEVER,FB,316 TCC,LF2,316 TCC,NITRONIC 50
16119029023,"3/4""",100,150,PERAR,B01AC02,BALL - FLOATING,METAL,RF,LEVER,FB,316 TCC,LF2,316 TCC,NITRONIC 50
16119019002,"2""",100,150,PERAR,B01AC02,BALL - FLOATING,METAL,RF,LEVER,FB,316 TCC,LF2,316 TCC,NITRONIC 50
16119019001,"2""",100,150,PERAR,B01AC02,BALL - FLOATING,METAL,RF,LEVER,FB,316 TCC,LF2,316 TCC,NITRONIC 50
16119017001,"3""",100,150,PERAR,A01AC02,BALL - FLOATING,METAL,RF,LEVER,RB,316 TCC,LF2,316 TCC,NITRONIC 50
16119017002,"3""",100,150,PERAR,A01AC02,BALL - FLOATING,METAL,RF,LEVER,RB,316 TCC,LF2,316 TCC,NITRONIC 50
16119017003,"3""",100,150,PERAR,A01AC02,BALL - FLOATING,METAL,RF,LEVER,RB,316 TCC,LF2,316 TCC,NITRONIC 50
16119008010,"2""",100,600,PERAR,A06AC06,BALL - TRUNNION,METAL,RF,LEVER,RB,NITRONIC 50,LF2,NITRONIC 50,NITRONIC 50
16119008005,"2""",100,600,PERAR,A06AC06,BALL - TRUNNION,METAL,RF,LEVER,RB,NITRONIC 50,LF2,NITRONIC 50,NITRONIC 50
16119008006,"2""",100,600,PERAR,A06AC06,BALL - TRUNNION,METAL,RF,LEVER,RB,NITRONIC 50,LF2,NITRONIC 50,NITRONIC 50
16119008002,"2""",100,600,PERAR,A06AC06,BALL - TRUNNION,METAL,RF,LEVER,RB,NITRONIC 50,LF2,NITRONIC 50,NITRONIC 50
16119008003,"2""",100,600,PERAR,A06AC06,BALL - TRUNNION,METAL,RF,LEVER,RB,NITRONIC 50,LF2,NITRONIC 50,NITRONIC 50
16119008008,"2""",100,600,PERAR,A06AC06,BALL - TRUNNION,METAL,RF,LEVER,RB,NITRONIC 50,LF2,NITRONIC 50,NITRONIC 50
16119008007,"2""",100,600,PERAR,A06AC06,BALL - TRUNNION,METAL,RF,LEVER,RB,NITRONIC 50,LF2,NITRONIC 50,NITRONIC 50
16119008009,"2""",100,600,PERAR,A06AC06,BALL - TRUNNION,METAL,RF,LEVER,RB,NITRONIC 50,LF2,NITRONIC 50,NITRONIC 50
16119076002,"6""",100,600,PERAR,A06AC08,BALL - TRUNNION,METAL,RF,LEVER,RB,NITRONIC 50,LF2,NITRONIC 50,NITRONIC 50
16119076001,"6""",100,600,PERAR,A06AC08,BALL - TRUNNION,METAL,RF,LEVER,RB,NITRONIC 50,LF2,NITRONIC 50,NITRONIC 50
16119012001,"6""",100,600,PERAR,A06AC08,BALL - TRUNNION,METAL,RF,LEVER,RB,NITRONIC 50,LF2,NITRONIC 50,NITRONIC 50
16119012002,"6""",100,600,PERAR,A06AC08,BALL - TRUNNION,METAL,RF,LEVER,RB,NITRONIC 50,LF2,NITRONIC 50,NITRONIC 50
16119012003,"6""",100,600,PERAR,A06AC08,BALL - TRUNNION,METAL,RF,LEVER,RB,NITRONIC 50,LF2,NITRONIC 50,NITRONIC 50
16119075002,"6""",100,300,PERAR,A03AC08,BALL - TRUNNION,METAL,RF,LEVER,RB,316 TCC,LF2,316 TCC,NITRONIC 50
16117016008,"1""",100,1500,PERAR,B15AC01,BALL - FLOATING,SOFT,RF,LEVER,FB,PEEK,LF2,625,718
16117016016,"1""",100,1500,PERAR,B15AC01,BALL - FLOATING,SOFT,RF,LEVER,FB,PEEK,LF2,625,718
16117016006,"1""",100,1500,PERAR,B15AC01,BALL - FLOATING,SOFT,RF,LEVER,FB,PEEK,LF2,625,718
16117016003,"1""",100,1500,PERAR,B15AC01,BALL - FLOATING,SOFT,RF,LEVER,FB,PEEK,LF2,625,718
16117016015,"1""",100,1500,PERAR,B15AC01,BALL - FLOATING,SOFT,RF,LEVER,FB,PEEK,LF2,625,718
16117015001,"1""",100,1500,PERAR,B15AS01,BALL - FLOATING,SOFT,RF,LEVER,RB,PEEK,F316,625,718
16117016001,"1""",100,1500,PERAR,B15AC01,BALL - FLOATING,SOFT,RF,LEVER,FB,PEEK,LF2,625,718
16117016009,"1""",100,1500,PERAR,B15AC01,BALL - FLOATING,SOFT,RF,LEVER,FB,PEEK,LF2,625,718
16117016012,"1""",100,1500,PERAR,B15AC01,BALL - FLOATING,SOFT,RF,LEVER,FB,PEEK,LF2,625,718
16117016007,"1""",100,1500,PERAR,B15AC01,BALL - FLOATING,SOFT,RF,LEVER,FB,PEEK,LF2,625,718
16117015003,"1""",100,1500,PERAR,B15AS01,BALL - FLOATING,SOFT,RF,LEVER,FB,PEEK,F316,625,718
16117015002,"1""",100,1500,PERAR,B15AS01,BALL - FLOATING,SOFT,RF,LEVER,FB,PEEK,F316,625,718
16117016014,"1""",100,1500,PERAR,B15AC01,BALL - FLOATING,SOFT,RF,LEVER,FB,PEEK,LF2,625,718
16117016005,"1""",100,1500,PERAR,B15AC01,BALL - FLOATING,SOFT,RF,LEVER,FB,PEEK,LF2,625,718
16117016010,"1""",100,1500,PERAR,B15AC01,BALL - FLOATING,SOFT,RF,LEVER,FB,PEEK,LF2,625,718
16117016011,"1""",100,1500,PERAR,B15AC01,BALL - FLOATING,SOFT,RF,LEVER,FB,PEEK,LF2,625,718
16117016013,"1""",100,1500,PERAR,B15AC01,BALL - FLOATING,SOFT,RF,LEVER,FB,PEEK,LF2,625,718
16117016017,"1""",100,1500,PERAR,B15AC01,BALL - FLOATING,SOFT,RF,LEVER,FB,PEEK,LF2,625,718
16117016004,"1""",100,1500,PERAR,B15AC01,BALL - FLOATING,SOFT,RF,LEVER,FB,PEEK,LF2,625,718
16117016002,"1""",100,1500,PERAR,B15AC01,BALL - FLOATING,SOFT,RF,LEVER,FB,PEEK,LF2,625,718
16117057002,"2""",100,1500,PERAR,A15AC05,BALL - TRUNNION,SOFT,RF,LEVER,RB,625,LF2,625,718
16117057001,"2""",100,1500,PERAR,A15AC05,BALL - TRUNNION,SOFT,RF,LEVER,RB,625,LF2,625,718
16117113001,"2""",100,1500,PERAR,A15AC05,BALL - TRUNNION,SOFT,RF,LEVER,RB,625,LF2,625,718
16210001001,"1""",100,2500,PERAR,B25AC07,BALL - TRUNNION,SOFT,RTJ,ACTUATOR - SPRING RETURN,FB,625,LF2,625,718
16119029024,"3/4""",100,150,PERAR,B01AC02,BALL - FLOATING,METAL,RF,LEVER,FB,316 TCC,LF2,316 TCC,NITRONIC 50
16119029010,"3/4""",100,150,PERAR,B01AC02,BALL - FLOATING,METAL,RF,LEVER,FB,316 TCC,LF2,316 TCC,NITRONIC 50
16119029031,"3/4""",100,150,PERAR,B01AC02,BALL - FLOATING,METAL,RF,LEVER,FB,316 TCC,LF2,316 TCC,NITRONIC 50
16119029014,"3/4""",100,150,PERAR,B01AC02,BALL - FLOATING,METAL,RF,LEVER,FB,316 TCC,LF2,316 TCC,NITRONIC 50
16119085003,"1""",100,1500,PERAR,B15AC02,BALL - TRUNNION,METAL,RF,LEVER,FB,625,LF2,625,718
16119085002,"1""",100,1500,PERAR,B15AC02,BALL - TRUNNION,METAL,RF,LEVER,FB,625,LF2,625,718
16119026005,"1""",100,1500,PERAR,B15AC02,BALL - TRUNNION,METAL,RF,LEVER,FB,625,LF2,625,718
16119085004,"1""",100,1500,PERAR,B15AC02,BALL - TRUNNION,METAL,RF,LEVER,FB,625,LF2,625,718
16119085001,"1""",100,1500,PERAR,B15AC02,BALL - TRUNNION,METAL,RF,LEVER,FB,625,LF2,625,718
16119026001,"1""",100,1500,PERAR,B15AC02,BALL - TRUNNION,METAL,RF,LEVER,FB,625,LF2,625,718
16119015002,"1""",100,1500,PERAR,B15AC02,BALL - TRUNNION,METAL,RF,LEVER,FB,625,LF2,625,718
16119007001,"1""",100,1500,PERAR,B15AC02,BALL - TRUNNION,METAL,RF,LEVER,FB,625,LF2,625,718
16119026006,"1""",100,1500,PERAR,B15AC02,BALL - TRUNNION,METAL,RF,LEVER,FB,625,LF2,625,718
16119015001,"1""",100,1500,PERAR,B15AC02,BALL - TRUNNION,METAL,RF,LEVER,FB,625,LF2,625,718
16119015005,"1""",100,1500,PERAR,B15AC02,BALL - TRUNNION,METAL,RF,LEVER,FB,625,LF2,625,718
16119015003,"1""",100,1500,PERAR,B15AC02,BALL - TRUNNION,METAL,RF,LEVER,FB,625,LF2,625,718
16119026002,"1""",100,1500,PERAR,B15AC02,BALL - TRUNNION,METAL,RF,LEVER,FB,625,LF2,625,718
16119026003,"1""",100,1500,PERAR,B15AC02,BALL - TRUNNION,METAL,RF,LEVER,FB,625,LF2,625,718
16119007002,"1""",100,1500,PERAR,B15AC02,BALL - TRUNNION,METAL,RF,LEVER,FB,625,LF2,625,718
16119026004,"1""",100,1500,PERAR,B15AC02,BALL - TRUNNION,METAL,RF,LEVER,FB,625,LF2,625,718
16119015004,"1""",100,1500,PERAR,B15AC02,BALL - TRUNNION,METAL,RF,LEVER,FB,625,LF2,625,718
16119025002,"3/4""",100,1500,PERAR,B15AC02,BALL - TRUNNION,METAL,RF,LEVER,FB,625,LF2,625,718
16119014003,"3/4""",100,1500,PERAR,B15AC02,BALL - TRUNNION,METAL,RF,LEVER,FB,625,LF2,625,718
16119014001,"3/4""",100,1500,PERAR,B15AC02,BALL - TRUNNION,METAL,RF,LEVER,FB,625,LF2,625,718
16119014004,"3/4""",100,1500,PERAR,B15AC02,BALL - TRUNNION,METAL,RF,LEVER,FB,625,LF2,625,718
16119025001,"3/4""",100,1500,PERAR,B15AC02,BALL - TRUNNION,METAL,RF,LEVER,FB,625,LF2,625,718
16119014002,"3/4""",100,1500,PERAR,B15AC02,BALL - TRUNNION,METAL,RF,LEVER,FB,625,LF2,625,718
16119075001,"6""",100,300,PERAR,A03AC08,BALL - TRUNNION,METAL,RF,LEVER,RB,316 TCC,LF2,316 TCC,NITRONIC 50
16117009008,"1""",100,150,PERAR,B01AS01,BALL - FLOATING,SOFT,RF,LEVER,FB,RPTFE,F316,F316,316
16117009023,"1""",100,150,PERAR,B01AS01,BALL - FLOATING,SOFT,RF,LEVER,FB,RPTFE,F316,F316,316
16117009028,"1""",100,150,PERAR,B01AS01,BALL - FLOATING,SOFT,RF,LEVER,FB,RPTFE,F316,F316,316
16117009034,"1""",100,150,PERAR,B01AS01,BALL - FLOATING,SOFT,RF,LEVER,FB,RPTFE,F316,F316,316
16117009035,"1""",100,150,PERAR,B01AS01,BALL - FLOATING,SOFT,RF,LEVER,FB,RPTFE,F316,F316,316
16117010046,"1""",100,150,PERAR,B01AC01,BALL - FLOATING,SOFT,RF,LEVER,FB,RPTFE,LF2,F316,316
16117010059,"1""",100,150,PERAR,B01AC01,BALL - FLOATING,SOFT,RF,LEVER,FB,RPTFE,LF2,F316,316
16117012024,"1""",100,300,PERAR,B03AC01,BALL - FLOATING,SOFT,RF,LEVER,FB,RPTFE,LF2,F316,316
16117089006,"4""",100,150,PERAR,A01AC01,BALL - FLOATING,SOFT,RF,LEVER,RB,RPTFE,LF2,F316,316
16119001001,"8""",100,900,PERAR,A09AC08,BALL - TRUNNION,METAL,RF,GEARBOX - MANUAL,RB,316 TCC,LF2,316 TCC,NITRONIC 50
16119001002,"8""",100,900,PERAR,A09AC08,BALL - TRUNNION,METAL,RF,GEARBOX - MANUAL,RB,316 TCC,LF2,316 TCC,NITRONIC 50
16119008001,"2""",100,600,PERAR,A06AC06,BALL - TRUNNION,METAL,RF,LEVER,RB,316 TCC,LF2,316 TCC,NITRONIC 50
16119008004,"2""",100,600,PERAR,A06AC06,BALL - TRUNNION,METAL,RF,LEVER,RB,316 TCC,LF2,316 TCC,NITRONIC 50
16119009004,"1""",100,600,PERAR,B06AC02,BALL - FLOATING,METAL,RF,LEVER,RB,316 TCC,LF2,316 TCC,NITRONIC 50
16119009008,"1""",100,600,PERAR,B06AC02,BALL - FLOATING,METAL,RF,LEVER,RB,316 TCC,LF2,316 TCC,NITRONIC 50
15458116001,"1""",100,150,PERAR,B01AS02,BALL - FLOATING,METAL,RF,LEVER,FB,F316,F316,F316,XM19
16210013001,"6""",100,900,PERAR,A09AC07,BALL - TRUNNION,SOFT,RF,ACTUATOR - SPRING RETURN,RB,625,LF2,625,718
16119084001,"3/4""",100,1500,PERAR,B15AC02,BALL - TRUNNION,METAL,RF,LEVER,FB,625,LF2,625,718
16119127019,"3""",100,900,PERAR,A09AC06,BALL - TRUNNION,METAL,RF,LEVER,RB,625,LF2,625,718
16118336004,"2""",100,1500,PERAR,A15AS28,BALL - TRUNNION,METAL,RF,GEARBOX - MANUAL,RB,XM19,F316,XM19,XM19
16118336029,"2""",100,1500,PERAR,A15AS28,BALL - TRUNNION,METAL,RF,GEARBOX - MANUAL,RB,XM19,F316,XM19,XM19
16118336032,"2""",100,1500,PERAR,A15AS28,BALL - TRUNNION,METAL,RF,GEARBOX - MANUAL,RB,XM19,F316,XM19,XM19
16117017001,"1""",100,2500,PERAR,B25RS01,BALL - FLOATING,SOFT,RTJ,LEVER,FB,PEEK,F316,625,718
16117024003,"2""",100,2500,PERAR,A25RC07,BALL - TRUNNION,SOFT,RTJ,GEARBOX - MANUAL,RB,PEEK,LF2,625,718
16119066005,"8""",100,600,PERAR,A06AC08,BALL - TRUNNION,METAL,RF,GEARBOX - MANUAL,RB,XM19,LF2,XM19,XM19
16118336035,"2""",100,1500,PERAR,A15AS28,BALL - TRUNNION,METAL,RF,GEARBOX - MANUAL,RB,XM19,F316,XM19,XM19
16119002001,"10""",100,600,PERAR,B06AC08,BALL - TRUNNION,METAL,RF,GEARBOX - MANUAL,FB,NITRONIC 50,LF2,NITRONIC 50,NITRONIC 50
16119066006,"8""",100,600,PERAR,A06AC08,BALL - TRUNNION,METAL,RF,GEARBOX - MANUAL,RB,XM19,LF2,XM19,XM19
16119066002,"8""",100,600,PERAR,A06AC08,BALL - TRUNNION,METAL,RF,GEARBOX - MANUAL,RB,XM19,LF2,XM19,XM19
16119066004,"8""",100,600,PERAR,A06AC08,BALL - TRUNNION,METAL,RF,GEARBOX - MANUAL,RB,XM19,LF2,XM19,XM19
16119066003,"8""",100,600,PERAR,A06AC08,BALL - TRUNNION,METAL,RF,GEARBOX - MANUAL,RB,XM19,LF2,XM19,XM19
16118336012,"2""",100,1500,PERAR,A15AS28,BALL - TRUNNION,METAL,RF,GEARBOX - MANUAL,RB,XM19,F316,XM19,XM19
16118336031,"2""",100,1500,PERAR,A15AS28,BALL - TRUNNION,METAL,RF,GEARBOX - MANUAL,RB,XM19,F316,XM19,XM19
16118336019,"2""",100,1500,PERAR,A15AS28,BALL - TRUNNION,METAL,RF,GEARBOX - MANUAL,RB,XM19,F316,XM19,XM19
16118336013,"2""",100,1500,PERAR,A15AS28,BALL - TRUNNION,METAL,RF,GEARBOX - MANUAL,RB,XM19,F316,XM19,XM19
16119113016,"3/4""",100,600,PERAR,B06AC02,BALL - FLOATING,METAL,RF,LEVER,FB,F316,LF2,F316,XM19
16119058004,"3/4""",100,150,PERAR,B01AC02,BALL - FLOATING,METAL,RF,LEVER,FB,F316,LF2,F316,XM19
16119058006,"3/4""",100,150,PERAR,B01AC02,BALL - FLOATING,METAL,RF,LEVER,FB,F316,LF2,F316,XM19
16118090006,"3/4""",100,1500,PERAR,B15AC02,BALL - TRUNNION,METAL,RF,LEVER,FB,625,LF2,625,718
16118090003,"3/4""",100,1500,PERAR,B15AC02,BALL - TRUNNION,METAL,RF,LEVER,FB,625,LF2,625,718
16118090002,"3/4""",100,1500,PERAR,B15AC02,BALL - TRUNNION,METAL,RF,LEVER,FB,625,LF2,625,718
16118090004,"3/4""",100,1500,PERAR,B15AC02,BALL - TRUNNION,METAL,RF,LEVER,FB,625,LF2,625,718
16118090005,"3/4""",100,1500,PERAR,B15AC02,BALL - TRUNNION,METAL,RF,LEVER,FB,625,LF2,625,718
16118090001,"3/4""",100,1500,PERAR,B15AC02,BALL - TRUNNION,METAL,RF,LEVER,FB,625,LF2,625,718
16118137010,"1""",100,1500,PERAR,B15AC02,BALL - TRUNNION,METAL,RF,LEVER,FB,625,LF2,625,718
16118137011,"1""",100,1500,PERAR,B15AC02,BALL - TRUNNION,METAL,RF,LEVER,FB,625,LF2,625,718
16118137012,"1""",100,1500,PERAR,B15AC02,BALL - TRUNNION,METAL,RF,LEVER,FB,625,LF2,625,718
16118137008,"1""",100,1500,PERAR,B15AC02,BALL - TRUNNION,METAL,RF,LEVER,FB,625,LF2,625,718
16118306026,"2""",100,1500,PERAR,A15AC06,BALL - TRUNNION,METAL,RF,GEARBOX - MANUAL,RB,625,LF2,625,718
16118306010,"2""",100,1500,PERAR,A15AC06,BALL - TRUNNION,METAL,RF,GEARBOX - MANUAL,RB,625,LF2,625,718
16118306005,"2""",100,1500,PERAR,A15AC06,BALL - TRUNNION,METAL,RF,GEARBOX - MANUAL,RB,625,LF2,625,718
16118306039,"2""",100,1500,PERAR,A15AC06,BALL - TRUNNION,METAL,RF,GEARBOX - MANUAL,RB,625,LF2,625,718
16118306027,"2""",100,1500,PERAR,A15AC06,BALL - TRUNNION,METAL,RF,GEARBOX - MANUAL,RB,625,LF2,625,718
16118306045,"2""",100,1500,PERAR,A15AC06,BALL - TRUNNION,METAL,RF,GEARBOX - MANUAL,RB,625,LF2,625,718
15458189009,"2""",100,1500,PERAR,A15AS28,BALL - TRUNNION,METAL,RF,GEARBOX - MANUAL,RB,XM19,F316,XM19,XM19
15458189006,"2""",100,1500,PERAR,A15AS28,BALL - TRUNNION,METAL,RF,GEARBOX - MANUAL,RB,XM19,F316,XM19,XM19
15458189011,"2""",100,1500,PERAR,A15AS28,BALL - TRUNNION,METAL,RF,GEARBOX - MANUAL,RB,XM19,F316,XM19,XM19
15458189020,"2""",100,1500,PERAR,A15AS28,BALL - TRUNNION,METAL,RF,GEARBOX - MANUAL,RB,XM19,F316,XM19,XM19
16118306037,"2""",100,1500,PERAR,A15AC06,BALL - TRUNNION,METAL,RF,GEARBOX - MANUAL,RB,625,LF2,625,718
15458189041,"2""",100,1500,PERAR,A15AS28,BALL - TRUNNION,METAL,RF,GEARBOX - MANUAL,RB,XM19,F316,XM19,XM19
15458189012,"2""",100,1500,PERAR,A15AS28,BALL - TRUNNION,METAL,RF,GEARBOX - MANUAL,RB,XM19,F316,XM19,XM19
16118306021,"2""",100,1500,PERAR,A15AC06,BALL - TRUNNION,METAL,RF,GEARBOX - MANUAL,RB,625,LF2,625,718
16118307034,"2""",100,1500,PERAR,A15AC06,BALL - TRUNNION,METAL,RF,GEARBOX - MANUAL,RB,625,LF2,625,718
16118307033,"2""",100,1500,PERAR,A15AC06,BALL - TRUNNION,METAL,RF,GEARBOX - MANUAL,RB,625,LF2,625,718
16118149054,"2""",100,1500,PERAR,A15AC06,BALL - TRUNNION,METAL,RF,GEARBOX - MANUAL,RB,625,LF2,625,718
16118149003,"2""",100,1500,PERAR,A15AC06,BALL - TRUNNION,METAL,RF,GEARBOX - MANUAL,RB,625,LF2,625,718
16118307009,"2""",100,1500,PERAR,A15AC06,BALL - TRUNNION,METAL,RF,GEARBOX - MANUAL,RB,625,LF2,625,718
15458189010,"2""",100,1500,PERAR,A15AS28,BALL - TRUNNION,METAL,RF,GEARBOX - MANUAL,RB,XM19,F316,XM19,XM19
16118307012,"2""",100,1500,PERAR,A15AC06,BALL - TRUNNION,METAL,RF,GEARBOX - MANUAL,RB,625,LF2,625,718
16210005001,"3""",100,2500,PERAR,A25CC07,BALL - TRUNNION,SOFT,COMPACT,ACTUATOR - SPRING RETURN,RB,625,LF2,625,718
16210004001,"3""",100,2500,PERAR,A25CC07,BALL - TRUNNION,SOFT,COMPACT,ACTUATOR - SPRING RETURN,RB,625,LF2,625,718
17/8794,"1""",100,1500,GALPERTI,K15AC02,DBB,METAL,RF,LEVER,FB,625,LF2,625,718
17/7449,"1""",100,1500,GALPERTI,K15AS02,DBB,METAL,RF,LEVER,FB,625,F316,625,718
17/8796,"1""",100,1500,GALPERTI,K15AC02,DBB,METAL,RF,LEVER,FB,625,LF2,625,718
16210003001,"3""",100,2500,PERAR,A25CC07,BALL - TRUNNION,SOFT,COMPACT,ACTUATOR - SPRING RETURN,RB,625,LF2,625,718
16118301005,"16""",100,900,PERAR,A09CC08-K21,BALL - TRUNNION,METAL,COMPACT,GEARBOX - MANUAL,RB,625,LF2,F316/316L+TCC,718
AM31342/18-V1,"3""",100,2500,GOODWIN,C25CC52,CHECK - DUAL PLATE,METAL,COMPACT,NotApplicable,FB,625,LF2,625,NotApplicable
16118301009,"16""",100,900,PERAR,A09CC08-K21,BALL - TRUNNION,METAL,COMPACT,GEARBOX - MANUAL,RB,625,LF2,F316/316L+TCC,718
AM31342/18-V2,"3""",100,2500,GOODWIN,C25CC52,CHECK - DUAL PLATE,METAL,COMPACT,NotApplicable,FB,625,LF2,625,NotApplicable
16118301001,"16""",100,900,PERAR,A09CC08-K21,BALL - TRUNNION,METAL,COMPACT,GEARBOX - MANUAL,RB,625,LF2,F316/316L+TCC,718
16118301006,"16""",100,900,PERAR,A09CC08-K21,BALL - TRUNNION,METAL,COMPACT,GEARBOX - MANUAL,RB,625,LF2,F316/316L+TCC,718
16118301008,"16""",100,900,PERAR,A09CC08-K21,BALL - TRUNNION,METAL,COMPACT,GEARBOX - MANUAL,RB,625,LF2,F316/316L+TCC,718
16119002002,"10""",100,600,PERAR,B06AC08,BALL - TRUNNION,METAL,RF,GEARBOX - MANUAL,FB,NITRONIC 50,LF2,NITRONIC 50,NITRONIC 50
16119048001,"10""",100,150,PERAR,B01AC08,BALL - TRUNNION,METAL,RF,GEARBOX - MANUAL,FB,F316,LF2,316 TCC,NITRONIC 50
16119048002,"10""",100,150,PERAR,B01AC08,BALL - TRUNNION,METAL,RF,GEARBOX - MANUAL,FB,F316,LF2,316 TCC,NITRONIC 50
16117044001,"10""",100,150,PERAR,B01AC07,BALL - TRUNNION,SOFT,RF,GEARBOX - MANUAL,FB,F316,LF2,F316,XM19
16117097003,"8""",100,600,PERAR,A06AC07,BALL - TRUNNION,SOFT,RF,GEARBOX - MANUAL,RB,XM19,LF2,XM19,XM19
16117097001,"8""",100,600,PERAR,A06AC07,BALL - TRUNNION,SOFT,RF,GEARBOX - MANUAL,RB,XM19,LF2,XM19,XM19
16117097005,"8""",100,600,PERAR,A06AC07,BALL - TRUNNION,SOFT,RF,GEARBOX - MANUAL,RB,XM19,LF2,XM19,XM19
16117097004,"8""",100,600,PERAR,A06AC07,BALL - TRUNNION,SOFT,RF,GEARBOX - MANUAL,RB,XM19,LF2,XM19,XM19
16117045002,"10""",100,600,PERAR,B06AC07,BALL - TRUNNION,SOFT,RF,GEARBOX - MANUAL,FB,XM19,LF2,XM19,XM19
16117045001,"10""",100,600,PERAR,B06AC07,BALL - TRUNNION,SOFT,RF,GEARBOX - MANUAL,FB,XM19,LF2,XM19,XM19
16117099001,"10""",100,600,PERAR,B06AC07,BALL - TRUNNION,SOFT,RF,GEARBOX - MANUAL,FB,XM19,LF2,XM19,XM19
16117097002,"8""",100,600,PERAR,A06AC07,BALL - TRUNNION,SOFT,RF,GEARBOX - MANUAL,RB,XM19,LF2,XM19,XM19
16117097008,"8""",100,600,PERAR,A06AC07,BALL - TRUNNION,SOFT,RF,GEARBOX - MANUAL,RB,XM19,LF2,XM19,XM19
16117098002,"8""",100,900,PERAR,A09AC07,BALL - TRUNNION,SOFT,RF,GEARBOX - MANUAL,RB,625,LF2,625,718
16117043001,"8""",100,900,PERAR,A09AC07,BALL - TRUNNION,SOFT,RF,GEARBOX - MANUAL,RB,625,LF2,625,718
16117047001,"16""",100,600,PERAR,B06AC07,BALL - TRUNNION,SOFT,RF,GEARBOX - MANUAL,FB,XM19,LF2,XM19,XM19
16117098003,"8""",100,900,PERAR,A09AC07,BALL - TRUNNION,SOFT,RF,GEARBOX - MANUAL,RB,625,LF2,625,718
16119115001,"1""",100,600,PERAR,B06AC02,BALL - FLOATING,METAL,RF,LEVER,FB,F316,LF2,F316,XM19
16118524007,"2""",100,1500,PERAR,A15AC06,BALL - TRUNNION,METAL,RF,GEARBOX - MANUAL,RB,625,LF2,625,718
16118524005,"2""",100,1500,PERAR,A15AC06,BALL - TRUNNION,METAL,RF,GEARBOX - MANUAL,RB,625,LF2,625,718
16118524004,"2""",100,1500,PERAR,A15AC06,BALL - TRUNNION,METAL,RF,GEARBOX - MANUAL,RB,625,LF2,625,718
16118524006,"2""",100,1500,PERAR,A15AC06,BALL - TRUNNION,METAL,RF,GEARBOX - MANUAL,RB,625,LF2,625,718
16118524003,"2""",100,1500,PERAR,A15AC06,BALL - TRUNNION,METAL,RF,GEARBOX - MANUAL,RB,625,LF2,625,718
16118524001,"2""",100,1500,PERAR,A15AC06,BALL - TRUNNION,METAL,RF,GEARBOX - MANUAL,RB,625,LF2,625,718
16118524002,"2""",100,1500,PERAR,A15AC06,BALL - TRUNNION,METAL,RF,GEARBOX - MANUAL,RB,625,LF2,625,718
16118148013,"2""",100,1500,PERAR,A15AS28,BALL - TRUNNION,METAL,RF,GEARBOX - MANUAL,RB,XM19,F316,XM19,XM19
16118148031,"2""",100,1500,PERAR,A15AS28,BALL - TRUNNION,METAL,RF,GEARBOX - MANUAL,RB,XM19,F316,XM19,XM19
16118148029,"2""",100,1500,PERAR,A15AS28,BALL - TRUNNION,METAL,RF,GEARBOX - MANUAL,RB,XM19,F316,XM19,XM19
16118148032,"2""",100,1500,PERAR,A15AS28,BALL - TRUNNION,METAL,RF,GEARBOX - MANUAL,RB,XM19,F316,XM19,XM19
16118148005,"2""",100,1500,PERAR,A15AS28,BALL - TRUNNION,METAL,RF,GEARBOX - MANUAL,RB,XM19,F316,XM19,XM19
16118148014,"2""",100,1500,PERAR,A15AS28,BALL - TRUNNION,METAL,RF,GEARBOX - MANUAL,RB,XM19,F316,XM19,XM19
16118148008,"2""",100,1500,PERAR,A15AS28,BALL - TRUNNION,METAL,RF,GEARBOX - MANUAL,RB,XM19,F316,XM19,XM19
16118148019,"2""",100,1500,PERAR,A15AS28,BALL - TRUNNION,METAL,RF,GEARBOX - MANUAL,RB,XM19,F316,XM19,XM19
16118148015,"2""",100,1500,PERAR,A15AS28,BALL - TRUNNION,METAL,RF,GEARBOX - MANUAL,RB,XM19,F316,XM19,XM19
16118148006,"2""",100,1500,PERAR,A15AS28,BALL - TRUNNION,METAL,RF,GEARBOX - MANUAL,RB,XM19,F316,XM19,XM19
16118148030,"2""",100,1500,PERAR,A15AS28,BALL - TRUNNION,METAL,RF,GEARBOX - MANUAL,RB,XM19,F316,XM19,XM19
16118336007,"2""",100,1500,PERAR,A15AS28,BALL - TRUNNION,METAL,RF,GEARBOX - MANUAL,RB,XM19,F316,XM19,XM19
16118336025,"2""",100,1500,PERAR,A15AS28,BALL - TRUNNION,METAL,RF,GEARBOX - MANUAL,RB,XM19,F316,XM19,XM19
16118148022,"2""",100,1500,PERAR,A15AS28,BALL - TRUNNION,METAL,RF,GEARBOX - MANUAL,RB,XM19,F316,XM19,XM19
16118148010,"2""",100,1500,PERAR,A15AS28,BALL - TRUNNION,METAL,RF,GEARBOX - MANUAL,RB,XM19,F316,XM19,XM19
16118336009,"2""",100,1500,PERAR,A15AS28,BALL - TRUNNION,METAL,RF,GEARBOX - MANUAL,RB,XM19,F316,XM19,XM19
16118336017,"2""",100,1500,PERAR,A15AS28,BALL - TRUNNION,METAL,RF,GEARBOX - MANUAL,RB,XM19,F316,XM19,XM19
16118148017,"2""",100,1500,PERAR,A15AS28,BALL - TRUNNION,METAL,RF,GEARBOX - MANUAL,RB,XM19,F316,XM19,XM19
16118148033,"2""",100,1500,PERAR,A15AS28,BALL - TRUNNION,METAL,RF,GEARBOX - MANUAL,RB,XM19,F316,XM19,XM19
16118148026,"2""",100,1500,PERAR,A15AS28,BALL - TRUNNION,METAL,RF,GEARBOX - MANUAL,RB,XM19,F316,XM19,XM19
16118148018,"2""",100,1500,PERAR,A15AS28,BALL - TRUNNION,METAL,RF,GEARBOX - MANUAL,RB,XM19,F316,XM19,XM19
16118336001,"2""",100,1500,PERAR,A15AS28,BALL - TRUNNION,METAL,RF,GEARBOX - MANUAL,RB,XM19,F316,XM19,XM19
16118336033,"2""",100,1500,PERAR,A15AS28,BALL - TRUNNION,METAL,RF,GEARBOX - MANUAL,RB,XM19,F316,XM19,XM19
16118336008,"2""",100,1500,PERAR,A15AS28,BALL - TRUNNION,METAL,RF,GEARBOX - MANUAL,RB,XM19,F316,XM19,XM19
16118336002,"2""",100,1500,PERAR,A15AS28,BALL - TRUNNION,METAL,RF,GEARBOX - MANUAL,RB,XM19,F316,XM19,XM19
16118336011,"2""",100,1500,PERAR,A15AS28,BALL - TRUNNION,METAL,RF,GEARBOX - MANUAL,RB,XM19,F316,XM19,XM19
16118336006,"2""",100,1500,PERAR,A15AS28,BALL - TRUNNION,METAL,RF,GEARBOX - MANUAL,RB,XM19,F316,XM19,XM19
16118336021,"2""",100,1500,PERAR,A15AS28,BALL - TRUNNION,METAL,RF,GEARBOX - MANUAL,RB,XM19,F316,XM19,XM19
16118336024,"2""",100,1500,PERAR,A15AS28,BALL - TRUNNION,METAL,RF,GEARBOX - MANUAL,RB,XM19,F316,XM19,XM19
16118336005,"2""",100,1500,PERAR,A15AS28,BALL - TRUNNION,METAL,RF,GEARBOX - MANUAL,RB,XM19,F316,XM19,XM19
16118336010,"2""",100,1500,PERAR,A15AS28,BALL - TRUNNION,METAL,RF,GEARBOX - MANUAL,RB,XM19,F316,XM19,XM19
16118336018,"2""",100,1500,PERAR,A15AS28,BALL - TRUNNION,METAL,RF,GEARBOX - MANUAL,RB,XM19,F316,XM19,XM19
16118336003,"2""",100,1500,PERAR,A15AS28,BALL - TRUNNION,METAL,RF,GEARBOX - MANUAL,RB,XM19,F316,XM19,XM19
16117043002,"8""",100,900,PERAR,A09AC07,BALL - TRUNNION,SOFT,RF,GEARBOX - MANUAL,RB,625,LF2,625,718
16117098001,"8""",100,900,PERAR,A09AC07,BALL - TRUNNION,SOFT,RF,GEARBOX - MANUAL,RB,625,LF2,625,718
16117042001,"8""",100,300,PERAR,A03AC07,BALL - TRUNNION,SOFT,RF,GEARBOX - MANUAL,RB,F316,LF2,F316,XM19
16117042002,"8""",100,300,PERAR,A03AC07,BALL - TRUNNION,SOFT,RF,GEARBOX - MANUAL,RB,F316,LF2,F316,XM19
